row_id,rating_num
14785,7.0
15125,5.0
13095,6.0
6079,7.0
16584,7.0
18508,7.0
18731,6.0
13610,8.0
21768,6.0
14463,7.0
4031,8.0
22418,7.0
5288,7.0
11744,6.0
4123,6.0
25449,7.0
19207,7.0
4488,7.0
19810,6.0
21238,7.0
18326,8.0
17178,6.0
21709,6.0
4027,7.0
23561,6.0
9246,7.0
14185,7.0
23650,8.0
29151,6.0
2585,7.0
2286,7.0
3243,6.0
14552,7.0
26746,6.0
12891,6.0
21499,7.0
28160,6.0
14105,7.0
17309,7.0
10918,6.0
24719,7.0
21121,7.0
10532,6.0
26159,5.0
12023,4.0
12018,7.0
21079,7.0
9136,4.0
21235,7.0
23907,6.0
8350,7.0
28069,6.0
5750,8.0
27778,7.0
17016,5.0
9779,5.0
17427,8.0
24122,5.0
13958,7.0
1839,7.0
14444,6.0
16671,6.0
106,6.0
22230,7.0
25307,6.0
2292,7.0
27909,6.0
26929,6.0
26110,7.0
21830,6.0
25693,7.0
16496,7.0
16402,5.0
26636,6.0
18458,6.0
19122,7.0
21646,6.0
28172,5.0
27955,7.0
1367,7.0
12203,5.0
20498,6.0
19714,6.0
18249,7.0
29005,7.0
25340,6.0
6245,8.0
1975,7.0
25669,7.0
17560,6.0
14459,8.0
29048,7.0
26839,6.0
2041,5.0
13597,8.0
25721,6.0
4004,6.0
8160,5.0
8958,6.0
25944,6.0
10426,8.0
26295,6.0
28538,6.0
24875,6.0
11587,8.0
21775,5.0
2299,8.0
7789,7.0
19451,5.0
12791,7.0
18833,6.0
10807,6.0
16688,7.0
28470,7.0
28049,7.0
25209,7.0
4283,6.0
7091,7.0
26829,7.0
17428,6.0
27396,6.0
24624,6.0
28772,6.0
9389,6.0
29088,6.0
5090,6.0
16059,7.0
7680,6.0
19217,7.0
4277,7.0
6140,6.0
6797,6.0
25655,7.0
4257,8.0
11931,7.0
25268,8.0
9695,6.0
27086,7.0
17772,7.0
28045,7.0
20788,7.0
22520,7.0
5351,7.0
20320,6.0
2611,7.0
29198,5.0
14716,6.0
27235,7.0
20929,7.0
27307,7.0
13659,6.0
29197,8.0
28730,6.0
13701,7.0
26933,7.0
5976,8.0
27435,6.0
870,5.0
3183,8.0
10497,6.0
20692,6.0
24687,6.0
11217,8.0
25124,7.0
4475,7.0
22241,7.0
3782,6.0
25034,6.0
205,8.0
18590,7.0
1825,7.0
28862,7.0
3758,6.0
29004,6.0
17773,5.0
15161,7.0
14683,7.0
11875,6.0
24247,8.0
1203,7.0
21696,5.0
16741,7.0
24362,6.0
10656,6.0
23618,6.0
14301,7.0
26200,6.0
23175,6.0
3639,7.0
28233,6.0
27057,6.0
25026,7.0
12961,6.0
13767,7.0
26169,7.0
25838,6.0
26202,6.0
22159,7.0
4777,6.0
14632,7.0
11757,7.0
3116,6.0
6173,8.0
3723,5.0
19493,7.0
4207,7.0
14079,7.0
7613,7.0
27313,6.0
19002,7.0
6266,5.0
7240,7.0
25435,7.0
10288,6.0
11028,7.0
6946,5.0
16405,8.0
16181,6.0
4158,9.0
16780,6.0
25719,6.0
15053,5.0
2644,7.0
23500,6.0
1013,7.0
11715,6.0
13768,6.0
4157,7.0
2333,6.0
28604,7.0
25316,7.0
19298,7.0
25079,7.0
8330,8.0
24317,7.0
13242,7.0
25014,6.0
567,8.0
7520,5.0
8926,9.0
12534,6.0
21045,6.0
18722,7.0
25265,6.0
15854,6.0
28524,6.0
23717,8.0
21889,6.0
28064,7.0
28705,7.0
23416,7.0
18346,8.0
23851,7.0
28780,6.0
12118,7.0
10926,7.0
6070,7.0
2149,7.0
6098,7.0
19125,6.0
23985,7.0
26527,6.0
4770,7.0
19567,6.0
26479,7.0
24107,7.0
9029,6.0
11022,9.0
1472,6.0
7356,6.0
12014,7.0
24849,5.0
5104,7.0
4663,8.0
25629,7.0
16195,8.0
26486,7.0
2222,7.0
12833,7.0
28879,7.0
5254,7.0
4805,7.0
23411,6.0
2733,7.0
2961,7.0
8966,8.0
25068,7.0
7403,6.0
23555,7.0
5096,5.0
10018,7.0
26173,6.0
11214,7.0
27201,8.0
21951,7.0
1616,7.0
24284,6.0
3759,6.0
8434,6.0
7195,7.0
16238,6.0
14701,7.0
6611,7.0
6278,7.0
13108,7.0
10740,7.0
3663,8.0
28452,6.0
23436,7.0
9525,7.0
24535,6.0
12981,7.0
11251,6.0
18494,7.0
24445,7.0
18370,6.0
1717,7.0
8488,7.0
15118,6.0
100,6.0
11912,6.0
11767,7.0
11762,6.0
27379,6.0
10486,6.0
14239,6.0
1530,6.0
8908,6.0
20365,7.0
27727,7.0
4204,7.0
23190,7.0
11998,7.0
9404,6.0
20662,6.0
12142,8.0
16369,7.0
28203,7.0
9409,5.0
16535,8.0
12063,7.0
14847,6.0
21632,6.0
10505,5.0
21592,6.0
12160,6.0
8186,7.0
27660,8.0
22496,6.0
7879,6.0
27354,6.0
16418,8.0
8997,6.0
16740,6.0
5287,7.0
5862,6.0
13559,6.0
16958,7.0
27076,5.0
8266,7.0
25911,7.0
23520,6.0
23898,4.0
13692,6.0
14658,7.0
26922,7.0
8347,7.0
20056,7.0
4741,6.0
17279,6.0
29217,7.0
25945,7.0
8767,6.0
1166,5.0
15960,6.0
14311,7.0
21810,7.0
19997,6.0
15169,6.0
25937,6.0
17725,7.0
13641,7.0
24920,7.0
21684,7.0
11512,6.0
12680,6.0
25491,7.0
26054,7.0
20773,6.0
28332,7.0
12703,6.0
17532,7.0
2232,6.0
26348,7.0
314,6.0
20532,6.0
7344,6.0
27663,6.0
13877,7.0
936,7.0
415,7.0
10491,7.0
2849,7.0
15176,6.0
22153,7.0
25964,7.0
24634,7.0
9761,6.0
12657,8.0
21657,7.0
3368,6.0
6508,8.0
8569,7.0
14306,8.0
2628,7.0
28416,7.0
814,6.0
15886,7.0
24911,6.0
24598,7.0
6618,7.0
19417,7.0
27420,6.0
4020,7.0
15438,8.0
20147,7.0
18869,7.0
14451,7.0
20230,8.0
24443,7.0
9163,7.0
26213,7.0
20409,7.0
22392,7.0
17782,7.0
12043,6.0
13909,5.0
10788,8.0
4955,6.0
4407,6.0
7823,8.0
4234,8.0
5060,6.0
21158,7.0
28782,6.0
21987,8.0
2764,8.0
4756,7.0
9561,6.0
7425,4.0
6221,6.0
17418,7.0
15445,6.0
28024,6.0
12415,5.0
6900,8.0
20066,6.0
7070,7.0
22878,8.0
28990,6.0
18950,6.0
26736,7.0
14564,7.0
25875,6.0
23975,7.0
17167,7.0
9782,6.0
21137,7.0
27115,7.0
14432,6.0
16483,6.0
15096,7.0
21935,6.0
2242,7.0
26559,7.0
16835,7.0
11371,8.0
24750,6.0
13818,6.0
14526,7.0
21613,8.0
14188,7.0
8498,5.0
27476,7.0
23160,7.0
11804,8.0
17417,7.0
21728,7.0
8005,6.0
26567,7.0
21094,6.0
4836,6.0
7192,7.0
11706,7.0
6319,7.0
16843,7.0
7930,7.0
20318,7.0
7113,7.0
10112,7.0
15354,8.0
16435,8.0
28347,6.0
25639,6.0
5954,6.0
12807,7.0
28515,6.0
673,7.0
28697,6.0
22608,7.0
12913,7.0
27099,7.0
5196,6.0
21105,7.0
17963,8.0
16691,6.0
17728,7.0
17467,7.0
4746,7.0
28848,7.0
20639,6.0
26082,5.0
21209,7.0
365,6.0
13881,7.0
6754,7.0
12065,6.0
10235,6.0
25969,6.0
271,7.0
26253,6.0
11721,6.0
18643,7.0
17341,7.0
20653,8.0
13935,6.0
13269,6.0
15893,7.0
12935,7.0
4601,7.0
8661,6.0
20048,6.0
5101,8.0
13504,6.0
28145,6.0
23997,6.0
9599,7.0
10517,7.0
17730,7.0
1918,6.0
22062,9.0
21153,6.0
24505,7.0
16033,7.0
21432,7.0
9279,8.0
25012,6.0
7926,8.0
6330,5.0
23902,7.0
7286,6.0
12606,7.0
8476,6.0
12895,7.0
3984,6.0
22473,7.0
5003,8.0
25624,6.0
3010,6.0
13970,7.0
23163,7.0
15827,7.0
20839,7.0
11748,6.0
11582,6.0
3061,7.0
16909,6.0
11007,6.0
28283,7.0
24046,6.0
27602,6.0
13691,6.0
4110,6.0
22861,7.0
22565,7.0
10976,7.0
579,7.0
2174,7.0
24172,6.0
13567,7.0
9384,5.0
28448,8.0
5227,6.0
23141,7.0
16301,7.0
9179,6.0
21573,6.0
1466,7.0
2700,7.0
20826,7.0
15360,6.0
7692,7.0
11528,6.0
8456,9.0
31,7.0
24266,7.0
28244,6.0
1064,8.0
18746,6.0
18143,6.0
23569,7.0
26365,7.0
26945,6.0
7509,7.0
17835,7.0
10458,7.0
13586,6.0
24175,7.0
4502,6.0
23691,8.0
14366,7.0
23219,6.0
29161,5.0
4559,6.0
16501,7.0
16267,5.0
26379,6.0
6160,6.0
15917,6.0
11074,6.0
15269,7.0
8328,6.0
19180,7.0
13645,7.0
14187,7.0
26049,6.0
16243,7.0
18781,8.0
18062,6.0
8920,5.0
4394,6.0
3623,6.0
27217,7.0
7245,7.0
17653,7.0
19505,7.0
28267,5.0
5486,7.0
28302,7.0
17755,7.0
392,7.0
5577,7.0
24160,8.0
4655,8.0
14357,6.0
13466,6.0
19673,7.0
24000,8.0
7521,4.0
27143,7.0
3982,7.0
8459,8.0
26842,6.0
20012,7.0
23940,8.0
8215,7.0
29109,6.0
25557,6.0
12880,6.0
1104,7.0
11655,8.0
21678,7.0
2478,5.0
12158,7.0
20353,7.0
2040,4.0
23686,7.0
12438,7.0
11754,8.0
2171,6.0
26336,6.0
26282,7.0
27859,8.0
5690,6.0
21967,6.0
2320,6.0
13608,6.0
22264,6.0
17008,7.0
28353,7.0
10265,8.0
14438,7.0
26674,7.0
21479,7.0
22347,6.0
27212,7.0
16317,7.0
563,7.0
27595,7.0
8956,7.0
7343,6.0
3013,6.0
1590,7.0
28197,6.0
11950,6.0
3645,7.0
21195,6.0
5733,7.0
21954,8.0
6542,7.0
3938,8.0
26601,7.0
14113,6.0
8466,7.0
20246,6.0
28205,5.0
28465,7.0
29199,7.0
13837,7.0
28905,7.0
1383,7.0
2546,7.0
26984,7.0
1569,7.0
17771,6.0
13494,5.0
26005,6.0
26734,6.0
19005,6.0
20585,6.0
24162,7.0
23549,7.0
7065,6.0
26118,6.0
8258,7.0
13600,7.0
14737,7.0
14516,6.0
28534,7.0
7994,7.0
6999,7.0
26797,7.0
23911,6.0
16450,7.0
4728,7.0
7497,7.0
7375,7.0
4080,7.0
11996,6.0
11068,6.0
28912,7.0
7145,5.0
6363,7.0
5427,7.0
1375,6.0
7152,6.0
24856,7.0
17430,7.0
629,7.0
6327,8.0
5972,7.0
27577,7.0
26584,6.0
3000,7.0
28019,8.0
14169,8.0
13255,8.0
8159,5.0
22216,7.0
25830,6.0
7441,7.0
2673,6.0
11842,5.0
6661,7.0
12035,6.0
26093,6.0
15650,6.0
26546,7.0
5236,4.0
17540,6.0
15210,7.0
2533,6.0
16523,7.0
22225,6.0
6335,7.0
19545,6.0
19773,7.0
23552,7.0
16031,6.0
5746,6.0
21936,7.0
14372,6.0
14312,6.0
5128,6.0
16900,7.0
17066,6.0
19022,7.0
6255,8.0
14805,7.0
19764,6.0
1257,7.0
27405,8.0
24821,8.0
20886,6.0
1815,4.0
6086,6.0
12375,6.0
4172,6.0
14517,6.0
15761,6.0
2615,5.0
1507,6.0
12361,7.0
28021,7.0
18824,7.0
27402,6.0
12422,7.0
27734,7.0
10398,7.0
118,6.0
2458,6.0
5532,6.0
11840,8.0
26062,6.0
6229,6.0
17589,6.0
27372,6.0
1777,6.0
18337,7.0
20288,7.0
18194,6.0
19008,6.0
12082,7.0
21486,6.0
13467,5.0
26150,6.0
2395,6.0
27502,7.0
29012,6.0
16348,7.0
148,7.0
27791,6.0
26712,7.0
9219,8.0
13181,7.0
2071,6.0
5449,6.0
15756,6.0
15485,7.0
10670,7.0
26914,6.0
8783,7.0
11019,8.0
26495,6.0
16167,6.0
19253,8.0
12564,6.0
16485,6.0
19947,6.0
12409,7.0
16513,6.0
1943,7.0
24021,6.0
28756,7.0
5470,7.0
10882,7.0
2035,7.0
382,7.0
1109,5.0
21228,6.0
20419,7.0
20060,8.0
3638,6.0
11678,7.0
18907,6.0
7957,6.0
4745,8.0
2674,7.0
14129,8.0
5663,7.0
22066,7.0
26075,7.0
17962,6.0
683,7.0
10564,8.0
8888,6.0
24128,8.0
26979,6.0
14258,7.0
1904,7.0
24260,7.0
12852,7.0
12484,8.0
20738,6.0
23271,6.0
26820,6.0
10609,6.0
17180,8.0
13928,7.0
13621,7.0
21703,7.0
3349,7.0
22988,7.0
24574,6.0
21873,6.0
21650,7.0
11339,6.0
24759,6.0
20161,6.0
21802,6.0
13753,7.0
25458,6.0
907,8.0
3815,6.0
19886,7.0
5214,6.0
24770,6.0
19705,8.0
19244,8.0
15636,7.0
25984,7.0
18250,8.0
24137,7.0
28325,7.0
6654,7.0
19463,7.0
13180,7.0
23306,6.0
3360,7.0
13959,7.0
12910,7.0
20709,7.0
15076,7.0
21888,7.0
13250,7.0
4497,6.0
1401,6.0
17226,6.0
5595,7.0
6329,6.0
6887,7.0
10943,7.0
7603,7.0
20805,7.0
702,6.0
2054,7.0
28011,6.0
23633,7.0
19525,6.0
24485,6.0
23536,6.0
2195,6.0
5444,9.0
4786,7.0
7614,6.0
12418,7.0
6565,6.0
22486,7.0
17280,8.0
1817,6.0
28822,6.0
26749,7.0
9894,8.0
26519,7.0
29127,6.0
2124,7.0
21626,6.0
24835,7.0
10028,7.0
14506,7.0
14272,5.0
18110,6.0
20789,7.0
16565,6.0
4331,6.0
6026,7.0
23374,7.0
16542,7.0
7870,6.0
9815,5.0
13093,8.0
10736,4.0
17784,8.0
23551,6.0
17840,7.0
16116,7.0
28693,6.0
9615,6.0
25799,6.0
28762,7.0
2021,6.0
21743,7.0
21150,7.0
24795,7.0
9422,8.0
13515,7.0
15962,7.0
28226,6.0
21504,7.0
21174,7.0
29057,6.0
12511,7.0
864,6.0
28097,8.0
2661,6.0
14238,7.0
24979,7.0
27176,7.0
24898,7.0
22741,6.0
26963,5.0
925,7.0
27051,6.0
4637,6.0
9240,7.0
17747,8.0
10659,8.0
9311,6.0
13061,6.0
20392,7.0
21831,7.0
13802,6.0
5521,6.0
26815,7.0
15315,6.0
23113,5.0
11495,7.0
27668,7.0
716,5.0
11905,6.0
27951,7.0
27392,7.0
24277,6.0
13832,7.0
16891,7.0
18384,4.0
18350,7.0
15964,7.0
15187,6.0
17645,6.0
16840,6.0
24678,6.0
5902,7.0
17438,7.0
1678,8.0
25297,8.0
22911,6.0
8787,6.0
25386,7.0
19599,6.0
19654,7.0
9574,6.0
14540,7.0
15461,6.0
11743,6.0
24396,6.0
16065,6.0
13889,7.0
816,7.0
28602,6.0
1571,7.0
15703,6.0
20177,7.0
9437,7.0
20628,7.0
15449,6.0
20492,7.0
1718,6.0
19055,7.0
19995,6.0
4563,8.0
11604,6.0
16415,6.0
20529,7.0
23112,5.0
27485,5.0
15887,8.0
25872,6.0
27516,7.0
15766,6.0
21450,6.0
14325,7.0
14327,8.0
27286,6.0
13039,6.0
5345,7.0
8268,5.0
27631,6.0
14769,6.0
15744,6.0
22109,6.0
12454,7.0
16069,7.0
24120,6.0
7983,7.0
930,7.0
22726,6.0
18835,7.0
18956,6.0
3104,5.0
23303,7.0
18665,7.0
8190,6.0
2648,6.0
17592,7.0
23365,6.0
26948,6.0
11876,6.0
21162,7.0
427,8.0
16699,7.0
15770,8.0
23613,8.0
24570,6.0
23660,6.0
12017,5.0
4481,7.0
21273,8.0
15809,8.0
26156,8.0
4569,6.0
19566,7.0
6723,7.0
18442,7.0
1181,8.0
3699,8.0
25160,6.0
23293,6.0
16862,7.0
28141,6.0
28544,6.0
6603,7.0
1949,6.0
20469,8.0
1453,6.0
15681,6.0
12243,6.0
27083,6.0
6982,7.0
1258,6.0
6473,6.0
14047,6.0
25507,7.0
27245,6.0
15028,5.0
4402,6.0
10254,7.0
856,7.0
20869,6.0
3835,7.0
14832,7.0
14416,6.0
28173,5.0
2408,6.0
24727,6.0
23490,7.0
4980,7.0
28377,6.0
15327,7.0
13651,7.0
15872,7.0
6388,6.0
19424,6.0
8737,7.0
7718,6.0
27121,6.0
12226,5.0
8073,7.0
22840,6.0
17272,6.0
20851,7.0
18501,8.0
6863,3.0
18157,7.0
15548,6.0
17106,7.0
7243,7.0
5020,7.0
17959,7.0
10812,6.0
1788,5.0
19865,7.0
16279,7.0
3124,7.0
2888,7.0
26648,7.0
2454,8.0
26938,6.0
26974,6.0
5634,6.0
14897,7.0
18144,6.0
23282,7.0
20999,7.0
27757,6.0
4822,6.0
26044,7.0
24844,6.0
2588,7.0
7201,7.0
4950,7.0
12159,6.0
23216,7.0
26827,7.0
17021,7.0
4083,6.0
16825,7.0
7308,6.0
22602,7.0
22659,7.0
4526,7.0
15178,6.0
16750,7.0
17307,7.0
1006,7.0
10479,6.0
27958,7.0
18213,7.0
11386,7.0
27249,6.0
6404,7.0
25578,8.0
27314,7.0
18449,6.0
1180,7.0
10302,5.0
26804,6.0
8540,7.0
26542,7.0
20397,7.0
18468,6.0
13712,7.0
28206,7.0
13943,7.0
18276,7.0
25883,6.0
6227,6.0
21918,6.0
15017,8.0
18407,7.0
19386,6.0
28031,7.0
24950,8.0
12168,7.0
19857,7.0
18324,6.0
12031,7.0
24177,7.0
12179,5.0
17664,6.0
5215,6.0
20537,6.0
12198,7.0
5456,8.0
16820,6.0
15123,6.0
24410,6.0
21200,6.0
18309,7.0
29128,6.0
24739,6.0
6522,7.0
25153,6.0
24139,5.0
11602,7.0
25630,6.0
28957,7.0
23377,6.0
18057,6.0
10982,7.0
4265,7.0
11409,6.0
8189,8.0
13885,7.0
15530,8.0
22150,6.0
17114,6.0
24589,7.0
8394,8.0
14746,6.0
21765,6.0
25093,6.0
1727,7.0
12862,8.0
15923,8.0
15965,6.0
8970,6.0
26978,5.0
7435,7.0
3507,6.0
20262,8.0
19846,7.0
23696,6.0
10241,7.0
6224,7.0
4404,7.0
14903,6.0
11085,7.0
11533,6.0
24455,6.0
11563,7.0
22402,8.0
8659,7.0
7623,7.0
22475,7.0
917,9.0
16786,6.0
29100,6.0
28920,7.0
22873,7.0
27163,7.0
28704,7.0
2391,7.0
6578,7.0
9734,8.0
22305,7.0
6871,7.0
14731,6.0
13205,7.0
26437,7.0
9139,8.0
6045,7.0
6412,7.0
25692,7.0
20588,5.0
28580,7.0
12117,6.0
5211,6.0
28529,6.0
17876,5.0
21115,6.0
3527,7.0
3443,7.0
28930,6.0
17093,6.0
26508,7.0
18130,6.0
15657,6.0
23768,6.0
959,7.0
18569,7.0
20125,5.0
2492,6.0
24364,6.0
7336,6.0
5780,7.0
10915,6.0
18782,8.0
21799,7.0
15347,7.0
19111,6.0
28370,6.0
12890,6.0
19644,6.0
16064,6.0
6356,6.0
21034,7.0
20085,7.0
13528,6.0
12286,6.0
8413,7.0
24305,6.0
17261,7.0
19611,8.0
10529,6.0
7523,6.0
23755,6.0
15323,7.0
7896,5.0
20584,7.0
23742,7.0
24809,7.0
15322,7.0
10498,7.0
22716,8.0
794,7.0
5986,6.0
25190,7.0
27861,6.0
8901,7.0
17882,6.0
25599,6.0
9843,8.0
14389,6.0
9700,6.0
14549,6.0
21128,7.0
28342,5.0
22706,6.0
5473,8.0
23388,7.0
29201,7.0
21416,7.0
23208,4.0
9451,6.0
15653,7.0
22495,7.0
26002,7.0
4701,7.0
8277,6.0
12357,6.0
12463,7.0
24187,6.0
26782,6.0
5069,6.0
4824,6.0
5308,7.0
2987,7.0
24707,7.0
27766,6.0
19168,6.0
1887,7.0
24815,7.0
13291,8.0
18777,7.0
27933,6.0
381,8.0
20536,6.0
18139,6.0
17350,7.0
23495,7.0
8359,8.0
22632,7.0
20480,7.0
24544,6.0
26650,7.0
14075,7.0
28120,8.0
16778,8.0
14409,5.0
26555,6.0
15651,7.0
25271,8.0
2161,7.0
12697,7.0
23045,6.0
17666,6.0
14354,7.0
15910,6.0
18418,8.0
17102,7.0
25573,7.0
698,6.0
6751,8.0
28536,6.0
21960,6.0
2428,6.0
21424,6.0
10655,6.0
17783,6.0
20403,7.0
10575,7.0
23546,7.0
2537,8.0
21184,6.0
26745,6.0
13398,8.0
862,6.0
13819,7.0
22517,6.0
9386,7.0
28089,7.0
27490,7.0
22119,7.0
14876,7.0
12072,6.0
23378,6.0
46,7.0
24590,6.0
20681,7.0
25055,7.0
7055,6.0
10350,6.0
18322,7.0
24796,6.0
21772,6.0
4758,7.0
13183,8.0
20833,7.0
1647,7.0
17281,7.0
6577,7.0
2450,5.0
24231,7.0
8253,7.0
22848,5.0
25232,7.0
19972,8.0
21492,6.0
24448,7.0
22108,6.0
11679,7.0
6185,8.0
15075,7.0
17288,7.0
10572,4.0
6959,6.0
12914,7.0
4547,7.0
20627,6.0
28736,6.0
20570,8.0
7876,8.0
13409,7.0
14646,7.0
7417,7.0
25755,6.0
28066,7.0
27192,7.0
10047,7.0
28568,6.0
23464,6.0
26800,7.0
4558,6.0
13007,6.0
13862,7.0
4444,7.0
8640,6.0
19796,6.0
25378,5.0
28723,5.0
12253,6.0
21429,8.0
322,7.0
13591,6.0
6917,8.0
428,7.0
17403,7.0
22625,7.0
12533,6.0
28117,7.0
4401,6.0
5485,7.0
24581,6.0
1629,6.0
4391,7.0
17536,7.0
2433,7.0
20903,7.0
27561,8.0
15666,6.0
7832,8.0
14041,8.0
27804,7.0
27620,7.0
4320,7.0
20389,6.0
23697,6.0
4890,7.0
1653,6.0
17829,6.0
28304,6.0
18142,6.0
26858,6.0
2675,5.0
23657,7.0
79,7.0
11663,6.0
1438,6.0
3218,7.0
8934,8.0
25595,8.0
13129,6.0
27963,7.0
8335,7.0
25370,6.0
7473,7.0
26129,5.0
1584,6.0
12553,6.0
27765,7.0
22948,8.0
21462,7.0
16705,7.0
17714,6.0
12563,6.0
25343,7.0
29085,6.0
22698,6.0
9316,5.0
1480,6.0
11448,6.0
3199,6.0
20078,7.0
12651,7.0
5507,9.0
8647,7.0
1846,6.0
28682,6.0
11523,6.0
26465,7.0
17476,6.0
330,6.0
19197,6.0
6457,6.0
27273,6.0
18460,7.0
20122,6.0
9790,6.0
20932,7.0
10027,8.0
4210,8.0
10895,6.0
20968,8.0
27605,6.0
16569,7.0
10759,7.0
10971,7.0
798,7.0
1186,7.0
20124,5.0
3665,5.0
25347,6.0
26266,7.0
19036,6.0
4041,4.0
4995,6.0
3625,5.0
5719,6.0
28836,7.0
19229,6.0
7369,5.0
11870,7.0
5618,8.0
5897,6.0
14220,7.0
9663,7.0
25201,7.0
9533,7.0
26280,7.0
3943,7.0
17289,6.0
17372,7.0
14046,8.0
15814,5.0
19219,6.0
11355,7.0
11553,7.0
264,7.0
19786,7.0
11550,7.0
17335,6.0
8756,7.0
8234,4.0
934,8.0
1101,7.0
21010,7.0
4992,6.0
17293,5.0
16250,7.0
26382,7.0
26789,6.0
7593,5.0
19060,7.0
25282,7.0
15891,6.0
8836,6.0
13690,7.0
25484,5.0
20579,7.0
9017,7.0
18791,6.0
7380,8.0
16518,6.0
8267,6.0
9638,7.0
24005,8.0
7754,8.0
23909,7.0
25123,7.0
20950,7.0
18647,8.0
18233,6.0
20212,8.0
26492,5.0
4183,6.0
6758,7.0
15605,7.0
3593,7.0
2154,7.0
5098,7.0
23317,7.0
5589,7.0
25237,7.0
4590,6.0
22358,7.0
26962,7.0
18163,7.0
9704,7.0
17717,7.0
25898,8.0
11345,6.0
25551,7.0
4685,6.0
13024,6.0
9452,5.0
14625,7.0
1535,7.0
28774,6.0
10035,6.0
15950,7.0
5010,6.0
2952,7.0
6547,7.0
17368,6.0
7427,8.0
2072,6.0
404,7.0
6615,7.0
4243,7.0
22939,6.0
12696,7.0
24660,7.0
6637,7.0
1778,6.0
23143,6.0
13686,8.0
18176,7.0
15490,6.0
2526,8.0
11086,6.0
22028,6.0
5016,5.0
26230,6.0
17826,7.0
22804,7.0
18413,7.0
14598,6.0
18308,6.0
18134,7.0
28628,6.0
9650,6.0
26781,7.0
22749,4.0
9113,7.0
24335,7.0
15029,6.0
3483,8.0
5458,8.0
2693,5.0
14551,7.0
16194,6.0
5344,6.0
12956,7.0
26999,6.0
20460,6.0
20793,7.0
18467,7.0
29190,6.0
1207,8.0
2778,8.0
10889,7.0
15719,7.0
25904,6.0
15549,7.0
16234,6.0
7698,6.0
1287,7.0
17328,7.0
3792,7.0
5021,6.0
10782,5.0
6124,7.0
23900,7.0
2297,7.0
8136,6.0
12604,6.0
7498,6.0
23093,7.0
11890,6.0
93,6.0
28715,7.0
20421,7.0
6459,8.0
2358,6.0
4052,7.0
25028,6.0
27995,6.0
1414,7.0
13704,7.0
15344,6.0
19994,5.0
19617,6.0
13303,7.0
7586,7.0
24383,8.0
17194,7.0
4476,8.0
1497,8.0
19116,8.0
21484,6.0
24337,6.0
11552,7.0
25422,7.0
20963,6.0
15304,7.0
8431,6.0
26008,7.0
23709,5.0
8963,7.0
9994,7.0
21336,7.0
20611,5.0
11109,6.0
3618,7.0
24336,6.0
1684,8.0
14298,7.0
828,6.0
29086,6.0
19502,7.0
7472,5.0
18852,7.0
7027,4.0
18557,6.0
10924,7.0
27421,7.0
27614,7.0
27190,7.0
28181,6.0
14494,6.0
16237,7.0
3472,7.0
12086,7.0
17642,6.0
19676,6.0
4935,8.0
26785,7.0
10885,8.0
604,7.0
26573,6.0
1467,7.0
1703,5.0
20976,6.0
27707,5.0
19711,7.0
23091,7.0
8916,7.0
7395,4.0
19990,6.0
22637,7.0
17894,6.0
16504,6.0
20828,7.0
14824,6.0
28694,7.0
18060,7.0
18761,6.0
8045,6.0
26810,7.0
22176,7.0
9186,7.0
10250,6.0
18385,4.0
12836,7.0
26672,6.0
4736,7.0
3540,5.0
5349,7.0
23588,5.0
25276,6.0
1036,7.0
12334,5.0
22548,8.0
25069,7.0
15830,6.0
25476,6.0
18715,6.0
20297,6.0
24818,6.0
15749,8.0
28282,6.0
4719,7.0
21091,7.0
23656,6.0
28975,6.0
23528,6.0
28427,7.0
20576,7.0
26801,7.0
13101,6.0
22583,7.0
14732,6.0
13956,7.0
3148,4.0
27220,7.0
642,7.0
4082,7.0
2110,7.0
28511,6.0
5388,6.0
18812,6.0
4922,5.0
5175,7.0
21191,6.0
17584,7.0
20053,7.0
5651,7.0
7653,7.0
18694,7.0
22146,7.0
9385,7.0
17937,7.0
14844,7.0
22579,7.0
16670,7.0
17752,8.0
4212,4.0
12053,8.0
26143,7.0
14031,5.0
27527,6.0
229,7.0
22193,7.0
25121,7.0
29105,8.0
3040,7.0
3534,8.0
8938,7.0
26604,7.0
7020,6.0
5649,7.0
741,6.0
12385,6.0
16337,6.0
1726,7.0
1750,7.0
27199,7.0
16810,5.0
25326,7.0
5395,7.0
10571,7.0
590,6.0
26643,6.0
11453,8.0
16609,8.0
18377,7.0
624,7.0
21937,7.0
6139,5.0
6735,6.0
14403,7.0
19648,7.0
21226,7.0
2747,6.0
6606,7.0
2140,7.0
8692,5.0
4318,7.0
27338,6.0
19754,6.0
22823,6.0
7391,7.0
18493,9.0
2522,6.0
13811,6.0
14651,7.0
7440,8.0
11819,6.0
9460,6.0
23646,7.0
14983,7.0
23945,8.0
7612,6.0
27446,6.0
6874,7.0
7814,7.0
11043,6.0
12907,7.0
29129,6.0
25706,6.0
1386,7.0
28732,6.0
18880,6.0
7455,7.0
9448,7.0
20018,6.0
13619,7.0
21434,6.0
3764,5.0
20525,8.0
2698,7.0
26719,5.0
21365,7.0
25709,6.0
29225,8.0
26634,7.0
27196,6.0
5784,8.0
28161,6.0
21705,6.0
8833,7.0
2483,7.0
12646,7.0
17478,6.0
16809,6.0
4855,7.0
17469,6.0
25810,6.0
19251,6.0
6613,6.0
16424,6.0
11378,7.0
26924,7.0
24650,7.0
23138,6.0
2078,7.0
27745,7.0
24496,6.0
26346,6.0
2410,7.0
21134,6.0
15828,7.0
25489,6.0
1372,7.0
18254,4.0
855,7.0
26175,7.0
10169,6.0
16608,8.0
22259,6.0
25453,5.0
15407,6.0
21551,6.0
26042,6.0
7178,7.0
1648,7.0
19825,7.0
14514,6.0
25446,7.0
7918,8.0
13251,7.0
27272,6.0
25440,6.0
18406,7.0
22331,7.0
27767,6.0
8721,6.0
10928,7.0
23606,7.0
4548,7.0
14800,6.0
4916,9.0
749,6.0
12679,7.0
24441,6.0
19915,8.0
12262,7.0
882,6.0
6034,7.0
24776,8.0
8725,7.0
8168,7.0
1252,7.0
19447,5.0
14172,6.0
19196,6.0
18675,8.0
1029,7.0
27133,7.0
27983,6.0
23710,6.0
17283,7.0
28855,6.0
12254,5.0
27718,8.0
26993,6.0
2289,7.0
26756,7.0
1864,6.0
9791,6.0
4538,6.0
24931,7.0
23934,6.0
27475,7.0
27720,6.0
25128,7.0
18752,7.0
13960,7.0
2555,7.0
15,7.0
7461,7.0
27206,6.0
24836,8.0
8447,7.0
8437,6.0
8978,8.0
9357,7.0
2415,7.0
5623,8.0
2738,7.0
25313,6.0
27880,7.0
3255,7.0
10342,7.0
8983,7.0
21926,7.0
18923,6.0
14080,6.0
24011,7.0
9651,7.0
7573,6.0
5983,7.0
24449,7.0
6799,8.0
19710,7.0
446,7.0
25596,7.0
15184,6.0
923,6.0
26043,8.0
10608,6.0
19312,7.0
19761,7.0
24071,7.0
21446,5.0
7548,7.0
19932,7.0
7635,6.0
23658,7.0
12561,6.0
6879,8.0
4579,8.0
7167,7.0
15408,6.0
11992,5.0
24810,6.0
27017,7.0
8036,6.0
18749,7.0
16927,7.0
20394,7.0
29083,7.0
6104,7.0
27511,6.0
14750,8.0
1277,8.0
2921,6.0
12771,5.0
9117,6.0
13091,7.0
10046,6.0
19227,6.0
11816,7.0
5887,8.0
8775,7.0
19444,8.0
19308,7.0
18185,7.0
15276,7.0
4861,6.0
13625,5.0
4981,6.0
28660,6.0
12687,6.0
3323,6.0
9347,7.0
7545,6.0
21376,7.0
26891,7.0
5376,7.0
750,6.0
28467,6.0
22139,6.0
26702,6.0
2498,6.0
26469,6.0
23261,7.0
9446,8.0
20906,6.0
9343,8.0
11850,6.0
5558,8.0
28550,7.0
27869,6.0
5077,6.0
5640,7.0
3504,7.0
12215,7.0
13298,6.0
1650,7.0
28196,7.0
3340,5.0
28086,6.0
8832,6.0
7287,6.0
11346,6.0
13493,8.0
24321,5.0
21669,7.0
22417,6.0
12954,6.0
27601,6.0
20809,6.0
534,8.0
24910,6.0
24888,6.0
144,7.0
26727,5.0
12029,7.0
15954,7.0
5638,6.0
22996,7.0
22080,7.0
292,7.0
18886,7.0
28520,7.0
275,6.0
4276,7.0
12416,6.0
7932,8.0
11320,6.0
2788,6.0
21907,7.0
15710,5.0
15508,6.0
17249,6.0
2724,7.0
21931,6.0
1495,7.0
28522,6.0
6720,6.0
405,6.0
18510,6.0
7968,6.0
21955,8.0
7887,5.0
24334,7.0
7602,6.0
12672,6.0
26640,7.0
18925,6.0
9016,6.0
17183,6.0
13152,7.0
835,7.0
19661,6.0
12860,6.0
3301,5.0
15011,6.0
4747,7.0
13576,6.0
25918,7.0
12965,6.0
16819,6.0
17332,8.0
27465,7.0
19967,7.0
9220,7.0
21944,6.0
20461,7.0
10755,6.0
5823,7.0
18338,7.0
15563,7.0
23609,7.0
7021,8.0
26140,8.0
1171,6.0
17702,6.0
25518,6.0
28187,7.0
9109,6.0
13653,7.0
16629,7.0
22031,6.0
16591,6.0
24145,7.0
11412,6.0
6612,7.0
28321,7.0
8882,6.0
6526,7.0
12406,6.0
21159,8.0
887,7.0
14828,8.0
13353,7.0
24579,6.0
17924,6.0
17387,6.0
8380,7.0
14471,7.0
2574,6.0
4477,8.0
18287,8.0
447,8.0
13030,7.0
18832,7.0
19050,6.0
4213,6.0
24612,7.0
8302,6.0
23809,7.0
17997,7.0
13018,6.0
12676,7.0
27085,7.0
25414,7.0
7134,5.0
21426,6.0
7874,8.0
27879,6.0
27394,6.0
13077,7.0
10485,7.0
13841,6.0
20772,6.0
164,7.0
12273,8.0
9475,6.0
15600,7.0
24049,8.0
5670,6.0
19834,6.0
25471,6.0
1265,7.0
2686,7.0
19637,7.0
18542,7.0
6007,7.0
16492,7.0
5410,6.0
8844,6.0
17159,5.0
6039,6.0
18318,8.0
25258,7.0
3817,6.0
10351,6.0
21348,6.0
10268,7.0
25713,7.0
2329,8.0
15035,7.0
19046,7.0
7124,6.0
18822,7.0
26795,7.0
27755,7.0
1206,7.0
2034,8.0
22539,7.0
18526,6.0
22884,6.0
10509,8.0
15619,8.0
18514,8.0
8865,6.0
22405,7.0
1819,6.0
23481,5.0
26415,8.0
28978,5.0
16198,8.0
18492,3.0
23821,7.0
18014,7.0
12705,7.0
12133,7.0
12892,6.0
21251,7.0
666,6.0
1081,8.0
22121,6.0
17493,8.0
27651,6.0
24064,7.0
13530,7.0
23103,7.0
24758,7.0
7131,6.0
26314,7.0
11856,7.0
27849,7.0
2429,6.0
27400,6.0
20962,6.0
5866,7.0
11723,6.0
24331,7.0
25493,6.0
18105,7.0
6296,7.0
4612,6.0
29076,7.0
25367,7.0
13512,5.0
21252,7.0
28298,7.0
18565,7.0
14365,6.0
10171,7.0
27404,7.0
22789,8.0
12496,6.0
12905,6.0
6862,4.0
22086,7.0
27260,6.0
18034,6.0
17984,7.0
22764,6.0
23347,6.0
28335,7.0
4134,6.0
9741,6.0
19675,8.0
28714,6.0
7342,6.0
5644,7.0
20613,7.0
19533,7.0
24097,7.0
11501,6.0
1910,7.0
22809,7.0
9287,7.0
23453,8.0
7090,7.0
3882,6.0
11112,8.0
27327,7.0
23766,7.0
16649,7.0
19395,5.0
18270,7.0
7061,9.0
17812,7.0
22987,6.0
17367,6.0
26190,7.0
25677,6.0
8627,7.0
22256,7.0
25374,7.0
19094,5.0
7574,7.0
22013,6.0
23250,6.0
19795,6.0
27024,7.0
12255,7.0
26424,6.0
24932,7.0
23367,8.0
8046,7.0
738,7.0
28121,6.0
18639,7.0
20502,6.0
3862,7.0
28867,7.0
11993,5.0
5655,7.0
27978,7.0
1565,8.0
13216,7.0
7039,5.0
5116,7.0
22061,6.0
3841,6.0
10421,5.0
12927,8.0
6576,8.0
6402,7.0
25525,7.0
16335,8.0
6422,7.0
20279,7.0
12464,8.0
2203,7.0
21311,6.0
25040,7.0
17979,6.0
28587,7.0
26609,6.0
7153,6.0
9719,6.0
15511,7.0
14878,7.0
27572,6.0
20642,6.0
22835,8.0
27103,7.0
24933,7.0
16804,7.0
20885,6.0
27325,6.0
14691,7.0
5622,6.0
12120,6.0
25447,7.0
15826,6.0
11510,6.0
13803,7.0
8449,7.0
27626,6.0
18184,6.0
28913,6.0
5362,6.0
2442,6.0
20457,7.0
22665,6.0
27691,7.0
24912,8.0
22978,6.0
28626,6.0
5259,6.0
7566,5.0
11076,6.0
695,8.0
8641,7.0
13786,6.0
3942,7.0
23507,7.0
891,7.0
26463,6.0
5932,5.0
4192,7.0
28375,8.0
15698,6.0
12267,7.0
3529,7.0
25391,7.0
23434,7.0
14572,7.0
73,5.0
17030,6.0
6676,7.0
6088,7.0
16153,7.0
13695,6.0
28621,5.0
23798,7.0
18857,6.0
6763,8.0
18360,6.0
4252,5.0
23509,7.0
27836,6.0
21966,6.0
28475,8.0
3939,6.0
20996,7.0
23274,7.0
19793,7.0
774,5.0
20196,6.0
9399,5.0
18271,6.0
3636,7.0
6701,8.0
10002,6.0
17502,6.0
28578,6.0
9344,8.0
15033,7.0
3354,6.0
6066,4.0
7392,5.0
20842,7.0
12854,7.0
28996,6.0
28073,7.0
13428,6.0
3001,8.0
7171,6.0
944,7.0
2201,8.0
28562,6.0
28667,5.0
28199,7.0
4000,7.0
24889,7.0
21032,6.0
23483,5.0
5518,7.0
14349,8.0
15414,6.0
14112,7.0
21735,5.0
22639,5.0
26430,6.0
26020,5.0
26388,7.0
15629,6.0
8324,6.0
15066,7.0
8781,8.0
2676,6.0
14959,7.0
8430,6.0
26496,7.0
17455,6.0
19801,6.0
20786,7.0
636,6.0
12629,6.0
19981,6.0
23944,6.0
21714,6.0
24576,5.0
26639,7.0
3683,6.0
18797,7.0
17096,8.0
3176,6.0
674,7.0
9693,7.0
8243,7.0
15807,7.0
19062,7.0
19335,6.0
21555,6.0
20539,7.0
8861,7.0
17667,6.0
10844,6.0
21454,5.0
22612,7.0
6585,6.0
10374,5.0
8313,5.0
16644,6.0
27870,7.0
24705,8.0
9608,6.0
1770,8.0
15012,6.0
9453,7.0
27612,7.0
3824,6.0
7482,6.0
23674,6.0
4828,6.0
23995,7.0
15127,7.0
27846,6.0
26092,7.0
26426,7.0
23277,6.0
13430,6.0
12331,9.0
813,7.0
13330,6.0
5672,8.0
26541,6.0
27641,6.0
6015,7.0
17092,6.0
28936,6.0
8423,8.0
2012,6.0
20149,7.0
9664,7.0
14000,7.0
4335,6.0
18798,7.0
13253,7.0
24412,7.0
20808,8.0
4228,6.0
13056,7.0
24467,7.0
15311,7.0
19934,6.0
24320,6.0
5067,7.0
25736,6.0
717,7.0
18659,7.0
27800,6.0
17541,6.0
21847,6.0
21180,6.0
23961,6.0
16278,7.0
11554,7.0
28193,7.0
1644,7.0
3805,7.0
16251,7.0
12936,8.0
22898,7.0
20304,7.0
25600,6.0
1527,7.0
27183,6.0
4542,7.0
766,5.0
28737,6.0
27648,7.0
14027,5.0
8748,7.0
9610,6.0
3449,6.0
1170,7.0
8828,8.0
26068,8.0
19868,7.0
7756,6.0
2146,6.0
12544,5.0
15562,6.0
18381,7.0
25539,6.0
25211,6.0
25385,7.0
18943,6.0
10588,7.0
251,6.0
10845,6.0
12459,8.0
4398,7.0
27268,7.0
23075,6.0
18738,6.0
3222,7.0
17786,7.0
21991,6.0
27098,7.0
25346,7.0
20767,8.0
6625,6.0
16012,7.0
13743,8.0
1266,7.0
5796,6.0
18823,6.0
7883,7.0
16246,6.0
20949,7.0
29195,5.0
26796,6.0
12642,7.0
2135,7.0
1890,7.0
23394,7.0
26537,6.0
21086,6.0
7881,7.0
26267,7.0
1963,6.0
12978,6.0
13580,6.0
17936,8.0
16784,5.0
18186,7.0
22690,7.0
20034,7.0
25294,7.0
24866,6.0
24136,6.0
26866,7.0
27267,6.0
2539,7.0
4459,6.0
28065,7.0
15385,7.0
19292,7.0
20548,6.0
11161,6.0
24745,7.0
9060,6.0
14710,7.0
27202,6.0
25472,7.0
10675,6.0
25317,7.0
25192,7.0
21488,7.0
7565,5.0
5350,7.0
27466,6.0
377,6.0
500,7.0
1102,7.0
27375,6.0
7898,6.0
25741,6.0
12736,7.0
27008,6.0
4872,7.0
19743,6.0
19943,6.0
2913,6.0
28243,6.0
22210,7.0
19656,6.0
28059,6.0
27987,7.0
17992,7.0
18819,7.0
27703,6.0
25553,6.0
18356,7.0
11029,7.0
21187,6.0
2671,7.0
7744,6.0
7739,6.0
14275,8.0
13429,6.0
15949,4.0
3111,7.0
29032,7.0
18135,6.0
4887,8.0
1875,9.0
22129,7.0
16080,7.0
3284,7.0
12186,7.0
27393,6.0
4150,5.0
18742,6.0
3418,6.0
16331,7.0
28179,7.0
19520,8.0
13994,6.0
3422,6.0
15888,8.0
22959,6.0
19713,6.0
20327,6.0
11605,7.0
877,8.0
28240,6.0
2274,7.0
24033,7.0
20197,6.0
1128,7.0
19580,7.0
11069,6.0
21148,7.0
29150,6.0
25369,6.0
8810,6.0
24994,7.0
26279,7.0
18818,8.0
28603,6.0
20035,7.0
7033,6.0
28895,7.0
27178,6.0
28769,7.0
21736,5.0
17416,7.0
11646,7.0
29177,7.0
20371,7.0
28571,7.0
21205,6.0
6870,6.0
5176,7.0
8555,7.0
22882,7.0
12999,5.0
11983,6.0
13839,7.0
24503,6.0
14997,6.0
2958,8.0
2558,8.0
14050,6.0
24504,7.0
22918,7.0
26539,6.0
9303,7.0
9627,7.0
24181,6.0
27306,6.0
27973,7.0
15644,6.0
24613,7.0
26806,8.0
3348,8.0
12257,7.0
14318,7.0
10783,5.0
1631,7.0
21834,7.0
3585,6.0
5441,7.0
24837,6.0
20616,6.0
28051,7.0
25439,7.0
24827,6.0
25962,7.0
9300,6.0
28451,6.0
28349,6.0
3968,7.0
17995,7.0
28314,6.0
29216,7.0
27040,7.0
9292,7.0
7544,8.0
20545,7.0
24010,7.0
26972,7.0
18606,7.0
25191,6.0
2682,7.0
15260,6.0
13408,8.0
5043,8.0
18964,6.0
25035,7.0
27054,6.0
21351,6.0
24466,7.0
5692,7.0
21013,6.0
4670,6.0
2607,6.0
26083,6.0
10581,6.0
11741,7.0
21104,6.0
16444,6.0
3431,6.0
11153,7.0
13051,7.0
5139,6.0
15489,6.0
3219,6.0
10799,7.0
6297,7.0
28291,6.0
10067,7.0
4664,7.0
15948,6.0
18957,6.0
9923,6.0
457,6.0
3458,6.0
27458,8.0
4376,6.0
2914,5.0
13640,7.0
9182,6.0
22302,6.0
28483,7.0
18519,6.0
26377,7.0
23364,6.0
26387,6.0
29180,6.0
2141,6.0
22924,7.0
7529,7.0
27132,6.0
10409,7.0
16097,8.0
14281,6.0
13806,8.0
12012,7.0
9941,7.0
22649,7.0
20802,7.0
26968,6.0
7840,6.0
15005,6.0
28158,6.0
17044,8.0
18522,6.0
11814,6.0
27508,5.0
10733,6.0
22834,7.0
23703,7.0
16306,8.0
18975,7.0
27449,6.0
22187,6.0
24816,5.0
5914,8.0
15036,7.0
26203,6.0
22648,6.0
28943,8.0
16411,8.0
18988,6.0
27984,7.0
25831,7.0
24235,7.0
24730,6.0
20814,7.0
24450,8.0
21036,7.0
1573,7.0
11138,6.0
12333,6.0
25345,7.0
26366,6.0
19167,7.0
4516,8.0
17751,7.0
16426,8.0
2739,6.0
22175,6.0
23535,7.0
460,6.0
818,6.0
26198,7.0
19320,7.0
20176,6.0
13650,8.0
6704,7.0
1079,7.0
27542,6.0
12396,7.0
5459,8.0
27584,7.0
15958,7.0
1323,6.0
26446,7.0
12214,6.0
16593,6.0
1649,6.0
5732,6.0
5679,6.0
17964,8.0
14458,7.0
25365,7.0
13488,6.0
28466,6.0
11874,7.0
20575,8.0
6122,7.0
4702,6.0
25561,6.0
1088,7.0
27881,7.0
21833,6.0
10939,7.0
16709,7.0
11279,8.0
7032,7.0
21345,7.0
6087,7.0
18430,6.0
15643,6.0
8907,7.0
17759,7.0
23482,5.0
24273,7.0
10618,6.0
28835,5.0
16715,7.0
5472,8.0
13276,6.0
21880,7.0
1522,8.0
16410,6.0
25241,7.0
11722,6.0
9740,7.0
6965,6.0
18730,6.0
23429,7.0
4881,7.0
20047,6.0
10158,6.0
23132,7.0
5547,6.0
28579,6.0
25865,6.0
16965,7.0
28237,6.0
10156,6.0
1517,7.0
15892,6.0
25139,6.0
5636,7.0
24099,6.0
7837,6.0
24186,7.0
21553,6.0
22474,6.0
18512,8.0
25910,6.0
4266,6.0
8108,7.0
26337,7.0
25319,6.0
26176,7.0
21363,7.0
27506,7.0
17696,6.0
28218,7.0
14880,6.0
7969,6.0
16803,6.0
29183,6.0
23265,8.0
4472,6.0
5234,8.0
26181,7.0
7821,6.0
25454,6.0
19388,6.0
19842,6.0
8140,7.0
212,6.0
8176,7.0
11786,7.0
22240,7.0
14456,6.0
7469,6.0
10582,8.0
20546,6.0
16110,8.0
6112,6.0
12180,6.0
6423,7.0
20370,7.0
21367,6.0
22154,6.0
13902,8.0
3695,7.0
9413,6.0
8929,6.0
8154,7.0
6793,7.0
12655,6.0
15379,8.0
18216,7.0
9121,7.0
21428,7.0
22584,7.0
22812,6.0
27888,6.0
28402,7.0
28053,7.0
8171,5.0
8878,7.0
28596,7.0
8982,7.0
6236,7.0
3660,7.0
21790,7.0
64,7.0
15585,6.0
28264,7.0
6898,7.0
6561,6.0
11185,6.0
22856,7.0
19408,7.0
17049,7.0
17912,7.0
19161,8.0
24633,7.0
2056,7.0
11187,6.0
25670,7.0
6182,6.0
27650,7.0
5578,7.0
3163,7.0
5313,8.0
25324,6.0
19555,6.0
21894,7.0
10548,6.0
1024,6.0
25821,6.0
25290,6.0
25579,6.0
10791,7.0
25631,7.0
13912,6.0
25368,6.0
21590,8.0
4634,7.0
18061,7.0
6998,7.0
16433,7.0
12520,7.0
23083,6.0
22802,7.0
28426,7.0
8212,8.0
626,6.0
173,6.0
16459,6.0
14866,6.0
17818,7.0
20406,6.0
9780,7.0
28559,7.0
21623,7.0
3314,8.0
12131,8.0
22208,7.0
16494,5.0
9035,5.0
12716,7.0
2052,6.0
14509,7.0
1378,8.0
26254,7.0
21925,7.0
15661,6.0
357,7.0
4105,8.0
19897,7.0
17340,6.0
3220,6.0
8228,7.0
25817,6.0
14235,7.0
5834,7.0
29132,7.0
2927,8.0
17917,6.0
12934,7.0
14888,7.0
10851,8.0
14140,7.0
23642,7.0
28597,6.0
1366,7.0
20621,6.0
24427,7.0
6840,7.0
10559,7.0
14322,7.0
13444,8.0
257,5.0
3359,7.0
6409,6.0
27787,6.0
15255,7.0
8432,8.0
15245,7.0
14638,8.0
17466,7.0
22839,7.0
1840,7.0
25500,7.0
14380,5.0
24738,6.0
2978,7.0
22067,7.0
10599,8.0
1364,7.0
26752,6.0
6554,8.0
21221,7.0
11714,6.0
2392,7.0
5849,6.0
15416,6.0
14117,5.0
4875,6.0
10727,7.0
8489,7.0
14685,6.0
15057,8.0
22196,7.0
26951,7.0
3077,8.0
28328,7.0
20195,8.0
16908,6.0
20380,7.0
28144,6.0
25062,6.0
994,1.0
12051,6.0
17576,6.0
9481,6.0
17779,8.0
21755,6.0
5917,6.0
16334,7.0
16845,6.0
28164,6.0
605,7.0
26830,6.0
9278,8.0
19426,5.0
26031,6.0
20732,7.0
21503,7.0
27255,7.0
15711,5.0
22494,6.0
16707,7.0
12632,6.0
19156,6.0
28476,6.0
11556,6.0
27188,6.0
13279,6.0
5806,5.0
24276,6.0
10613,7.0
25102,7.0
26953,5.0
26919,6.0
27058,6.0
20965,7.0
27355,7.0
25136,5.0
17610,5.0
12490,7.0
23527,7.0
6458,8.0
1242,6.0
7779,6.0
3878,6.0
556,7.0
16656,7.0
16817,6.0
29186,6.0
16901,7.0
10207,6.0
24724,7.0
4418,6.0
12637,7.0
27606,7.0
24764,6.0
20815,7.0
20099,7.0
6783,5.0
23903,7.0
4311,7.0
1345,7.0
25401,6.0
1087,7.0
5191,7.0
27185,5.0
18361,7.0
23026,6.0
6878,7.0
7829,7.0
22127,7.0
26487,6.0
3666,5.0
9284,6.0
12351,6.0
26142,6.0
23269,7.0
24630,6.0
16936,7.0
28246,8.0
10654,6.0
27292,6.0
18228,6.0
17832,6.0
9485,6.0
17009,7.0
6791,9.0
4494,7.0
20388,7.0
22876,6.0
11920,8.0
1886,8.0
28014,7.0
27531,6.0
4718,7.0
15182,7.0
10714,6.0
1322,3.0
13295,7.0
15603,7.0
1357,6.0
3067,7.0
14247,6.0
4416,6.0
3844,6.0
28326,6.0
18587,4.0
3523,7.0
15205,5.0
2640,6.0
17497,6.0
23257,8.0
12201,7.0
4147,6.0
9535,7.0
22433,7.0
15947,7.0
25060,6.0
28997,6.0
28076,7.0
25015,8.0
28428,6.0
22457,6.0
13973,6.0
27798,6.0
12793,5.0
19313,6.0
28461,7.0
26603,7.0
13328,7.0
27244,6.0
742,6.0
10214,5.0
8102,7.0
24489,7.0
14066,6.0
21418,6.0
7129,7.0
27065,7.0
28367,6.0
23695,6.0
25585,6.0
17507,8.0
27930,6.0
17517,6.0
1896,7.0
28271,8.0
4190,9.0
18669,5.0
28050,6.0
21214,8.0
20559,6.0
16296,8.0
27816,6.0
7000,7.0
10626,7.0
7953,6.0
23324,7.0
22346,7.0
18018,7.0
3777,7.0
6337,6.0
4998,7.0
16448,7.0
12515,5.0
26172,6.0
21451,8.0
24397,6.0
19396,6.0
11698,7.0
8551,7.0
27749,7.0
1762,6.0
24658,7.0
13130,6.0
28339,7.0
17688,7.0
12368,6.0
8553,6.0
28781,7.0
4415,7.0
25917,7.0
12688,6.0
11415,6.0
17377,7.0
25023,7.0
22806,6.0
28800,7.0
17578,7.0
11481,7.0
26447,7.0
9634,6.0
26306,7.0
18721,7.0
7699,7.0
6414,8.0
22275,7.0
26591,7.0
15901,6.0
27304,7.0
23173,6.0
801,6.0
24797,5.0
7778,7.0
12843,8.0
4221,7.0
11555,6.0
1957,6.0
3799,9.0
9647,7.0
109,7.0
18745,7.0
3266,8.0
28971,6.0
9394,7.0
19293,7.0
17071,6.0
25884,7.0
10109,7.0
10090,7.0
28188,7.0
16144,7.0
27737,7.0
15989,6.0
1425,7.0
23052,6.0
19494,5.0
7757,8.0
18368,7.0
25843,7.0
9164,7.0
16794,7.0
21116,6.0
7522,6.0
23778,6.0
1152,6.0
24230,7.0
28378,7.0
26211,6.0
9258,7.0
15359,7.0
26386,7.0
27753,8.0
105,7.0
19547,6.0
29019,7.0
23389,7.0
25896,6.0
4159,7.0
17440,6.0
20518,7.0
4588,7.0
20544,7.0
13413,8.0
7738,7.0
6133,6.0
17806,6.0
8726,8.0
18547,8.0
28235,7.0
3754,6.0
7481,7.0
12731,7.0
12192,7.0
1426,6.0
23663,7.0
3644,7.0
2231,7.0
5900,7.0
8895,7.0
25541,6.0
4152,7.0
15213,6.0
406,7.0
17313,7.0
5210,7.0
7261,6.0
8287,8.0
213,6.0
2306,6.0
690,7.0
8964,7.0
26757,7.0
27754,7.0
21582,7.0
27509,7.0
23205,6.0
27979,6.0
13288,7.0
27559,7.0
7388,7.0
10245,7.0
10989,7.0
7999,6.0
28662,7.0
21060,7.0
26651,7.0
25470,6.0
3910,7.0
5429,7.0
10639,6.0
26838,7.0
28934,6.0
14971,7.0
1038,7.0
25989,8.0
19322,8.0
18740,6.0
28338,6.0
27148,7.0
24859,7.0
10674,8.0
5212,6.0
5689,6.0
5353,7.0
13792,8.0
7288,6.0
20017,5.0
17161,7.0
17006,6.0
25580,6.0
8889,6.0
8068,6.0
14760,5.0
1961,7.0
6418,7.0
26501,7.0
26036,6.0
18068,7.0
15376,6.0
17359,6.0
28659,8.0
22662,6.0
12044,7.0
19704,6.0
28987,7.0
8852,8.0
2280,4.0
5944,6.0
91,6.0
11927,7.0
8808,7.0
12314,7.0
26554,7.0
23477,7.0
18868,6.0
16815,5.0
6383,7.0
17229,7.0
10743,6.0
25737,6.0
27153,8.0
20401,6.0
11776,5.0
28110,6.0
20216,6.0
14283,7.0
996,7.0
17646,7.0
12755,7.0
21473,6.0
2009,7.0
9192,7.0
13456,6.0
25829,6.0
15942,7.0
13122,7.0
3594,7.0
25072,6.0
17471,7.0
12077,6.0
1229,5.0
28849,7.0
15278,6.0
27385,7.0
9526,7.0
19366,7.0
15463,6.0
9086,6.0
16076,6.0
10399,7.0
19254,6.0
22547,7.0
10022,7.0
23729,7.0
13148,7.0
3767,6.0
25854,7.0
28944,7.0
17712,7.0
10754,7.0
5135,5.0
3868,8.0
15587,6.0
27100,7.0
28779,7.0
9560,6.0
2547,6.0
8634,6.0
27323,7.0
14745,5.0
26602,7.0
7404,8.0
27362,7.0
2051,8.0
23590,6.0
17986,6.0
21461,7.0
22994,6.0
27696,6.0
5341,6.0
11848,7.0
27437,7.0
13453,7.0
22470,6.0
10304,6.0
5807,8.0
10836,8.0
26862,6.0
22775,6.0
5170,7.0
24297,6.0
25916,7.0
22192,7.0
26301,7.0
26716,7.0
17767,6.0
21279,6.0
2357,6.0
3277,6.0
15111,6.0
16631,7.0
17656,6.0
20441,7.0
11942,7.0
26764,6.0
8501,7.0
9899,7.0
23342,7.0
2811,6.0
16338,6.0
22980,7.0
11118,5.0
1743,6.0
23255,6.0
17947,7.0
25371,6.0
4038,6.0
10204,6.0
14839,7.0
5479,7.0
1434,7.0
20452,8.0
24458,7.0
2461,7.0
21095,7.0
23158,8.0
12022,6.0
373,7.0
16758,6.0
18737,6.0
23270,7.0
436,7.0
12025,7.0
3325,6.0
28371,6.0
3195,7.0
27011,8.0
28676,7.0
5557,7.0
25240,8.0
23746,7.0
20067,6.0
23386,6.0
15252,6.0
894,7.0
28169,6.0
5065,6.0
3740,7.0
24405,7.0
10649,6.0
4744,7.0
9499,7.0
10881,7.0
14232,6.0
4775,7.0
26744,7.0
11664,8.0
1764,8.0
24914,7.0
26977,6.0
27214,6.0
7103,6.0
26264,7.0
6709,6.0
26478,6.0
19831,7.0
8821,6.0
25983,7.0
18976,7.0
21654,7.0
12315,8.0
26698,7.0
27022,6.0
11362,7.0
19959,7.0
2971,7.0
20340,7.0
26792,6.0
5928,8.0
13676,7.0
3479,7.0
26536,6.0
5302,5.0
4330,8.0
1424,7.0
28492,6.0
17246,7.0
22879,7.0
13188,6.0
7291,8.0
8371,7.0
7181,8.0
14062,7.0
8077,7.0
16283,7.0
27365,7.0
1998,6.0
7891,7.0
13797,7.0
22340,8.0
10205,6.0
26251,6.0
22345,6.0
10487,8.0
16979,7.0
15194,6.0
19205,6.0
17047,7.0
17191,7.0
13300,8.0
27636,6.0
11526,5.0
19136,7.0
6419,6.0
7328,6.0
2162,7.0
27948,7.0
7097,6.0
25891,7.0
19110,5.0
27831,6.0
17035,6.0
23017,6.0
5614,7.0
14286,6.0
25397,7.0
17594,7.0
7414,8.0
4853,7.0
10987,7.0
28310,7.0
12966,6.0
7225,5.0
7471,8.0
19541,7.0
17575,7.0
27920,7.0
6564,8.0
3081,6.0
25560,7.0
25794,8.0
11727,7.0
4148,6.0
10669,7.0
10641,6.0
10451,7.0
24259,6.0
19304,6.0
12455,7.0
12140,6.0
28168,7.0
9049,7.0
13784,6.0
27573,6.0
10611,6.0
29124,6.0
2807,7.0
12667,7.0
18989,6.0
22800,7.0
22342,7.0
10222,6.0
21542,7.0
13067,7.0
1505,7.0
6509,8.0
27156,6.0
18435,6.0
4395,7.0
7191,8.0
21439,7.0
23203,6.0
21742,7.0
23802,6.0
24946,7.0
15263,6.0
22008,6.0
8096,7.0
28432,6.0
10878,8.0
17908,7.0
15786,7.0
21970,6.0
17647,7.0
1440,7.0
24414,6.0
4507,7.0
11648,6.0
974,6.0
16923,7.0
9142,6.0
14474,7.0
12678,6.0
2363,7.0
27302,7.0
19280,6.0
10531,7.0
2843,6.0
25494,6.0
12167,7.0
27388,6.0
20135,6.0
15970,7.0
3374,7.0
22124,5.0
28847,7.0
14659,7.0
23390,6.0
24190,7.0
4153,6.0
22000,6.0
20045,7.0
576,7.0
16282,7.0
1371,6.0
1605,8.0
15477,8.0
18953,7.0
19874,7.0
15775,6.0
25487,6.0
17232,7.0
15226,8.0
26545,6.0
5934,7.0
15679,7.0
19061,7.0
24637,6.0
3992,6.0
26596,7.0
1592,7.0
21695,6.0
23758,8.0
13618,7.0
4274,6.0
22664,7.0
19473,6.0
9965,5.0
25895,6.0
17287,7.0
9252,7.0
25511,7.0
11774,7.0
10698,7.0
7629,6.0
10392,6.0
4127,7.0
7536,7.0
9134,7.0
11424,8.0
25027,7.0
26886,6.0
25834,7.0
20289,6.0
19092,7.0
17641,6.0
4077,6.0
24926,7.0
18937,7.0
9314,7.0
28959,7.0
27055,5.0
16719,6.0
16829,8.0
4015,7.0
9976,6.0
3554,7.0
268,7.0
26869,6.0
20444,5.0
1062,6.0
23046,7.0
18548,8.0
29095,6.0
16530,7.0
26747,6.0
21250,8.0
1318,6.0
27664,6.0
7262,6.0
14157,7.0
22348,6.0
4616,7.0
14921,6.0
23047,6.0
14163,6.0
26246,7.0
4928,6.0
21322,7.0
14709,8.0
20830,6.0
20540,6.0
4821,6.0
7281,7.0
20298,8.0
22170,8.0
19931,6.0
11919,6.0
24872,6.0
26670,6.0
18193,7.0
5937,7.0
5293,6.0
6641,7.0
28313,8.0
27418,7.0
1955,6.0
1506,7.0
17216,8.0
23297,6.0
2104,6.0
2257,6.0
28087,7.0
6346,7.0
23028,7.0
23920,7.0
24839,6.0
9403,7.0
25710,6.0
8526,7.0
7109,6.0
1805,6.0
375,7.0
25690,7.0
6351,8.0
22030,7.0
24819,6.0
9487,7.0
3823,7.0
3577,6.0
18511,7.0
19132,7.0
27847,6.0
4658,8.0
3272,6.0
20152,7.0
4326,6.0
28875,6.0
10899,7.0
26742,6.0
27154,6.0
10300,7.0
29207,6.0
5967,4.0
13769,6.0
10777,7.0
11831,7.0
4053,8.0
4495,7.0
19228,5.0
24164,7.0
10981,7.0
15110,6.0
22446,7.0
7117,7.0
8348,7.0
5713,8.0
28976,6.0
14290,7.0
18865,6.0
12030,6.0
28472,6.0
13468,5.0
26967,7.0
7546,6.0
17308,7.0
15038,8.0
7094,5.0
18533,6.0
24706,7.0
22718,6.0
17221,6.0
2727,7.0
206,6.0
8575,8.0
18090,7.0
26693,6.0
13340,6.0
8915,7.0
21969,6.0
4285,7.0
5513,6.0
17472,7.0
17631,7.0
6251,5.0
11794,7.0
15525,8.0
1706,8.0
29122,6.0
3144,5.0
29047,7.0
18672,8.0
24442,8.0
27758,6.0
16104,7.0
25902,7.0
20940,8.0
18864,8.0
27343,6.0
3913,7.0
15259,6.0
10826,7.0
962,6.0
8512,7.0
21412,5.0
7106,5.0
21870,7.0
23117,6.0
11699,6.0
22213,8.0
23514,6.0
12202,6.0
16176,8.0
6478,8.0
23901,7.0
8367,6.0
25508,7.0
16327,7.0
20717,8.0
24676,6.0
10190,6.0
13069,7.0
10160,5.0
8652,6.0
12537,5.0
21726,5.0
9048,7.0
1209,7.0
25229,5.0
4776,7.0
8987,7.0
13381,6.0
13957,7.0
1117,7.0
13486,6.0
23655,6.0
29185,7.0
28952,6.0
25698,7.0
5913,5.0
27968,7.0
7736,6.0
26689,6.0
20077,7.0
574,7.0
19739,6.0
54,7.0
5055,6.0
17192,6.0
20852,7.0
28540,6.0
5788,6.0
2451,6.0
6118,8.0
9269,7.0
22730,7.0
22369,7.0
24860,6.0
1423,6.0
35,7.0
17068,7.0
7685,7.0
21782,6.0
13192,7.0
6199,7.0
16366,4.0
26902,6.0
7686,7.0
17027,7.0
14319,7.0
25824,7.0
27845,8.0
802,6.0
2708,7.0
6761,4.0
9423,7.0
23044,6.0
26895,6.0
9982,7.0
29203,7.0
9227,6.0
28027,6.0
27733,6.0
28481,7.0
12425,7.0
27084,7.0
14697,6.0
28688,6.0
25818,6.0
21761,6.0
12565,6.0
8208,7.0
23842,7.0
10031,6.0
14799,6.0
17521,7.0
26730,6.0
1862,6.0
8873,7.0
12972,6.0
122,7.0
9402,7.0
8696,7.0
23310,6.0
20859,8.0
6085,7.0
344,7.0
14884,7.0
3952,8.0
6344,6.0
5094,6.0
27826,6.0
1735,8.0
8355,8.0
1841,7.0
5871,6.0
19307,6.0
23726,6.0
22895,7.0
3979,7.0
22925,5.0
7803,6.0
11792,7.0
25134,7.0
27748,6.0
24561,6.0
23718,7.0
20225,8.0
23224,6.0
14907,7.0
17491,7.0
21809,7.0
27658,6.0
10082,5.0
19458,7.0
19768,8.0
28741,6.0
20571,7.0
4468,6.0
23296,7.0
3342,7.0
2374,7.0
14693,7.0
17500,6.0
24508,6.0
25333,6.0
11863,6.0
18838,8.0
27954,6.0
22287,7.0
7397,6.0
10431,6.0
21860,7.0
20707,6.0
8156,6.0
16406,8.0
14007,6.0
12638,7.0
13,7.0
28146,7.0
18474,7.0
19980,7.0
10528,7.0
326,7.0
11871,7.0
2167,8.0
7652,6.0
28473,6.0
23076,6.0
16892,9.0
4899,8.0
19305,7.0
19364,6.0
16389,6.0
687,6.0
20361,6.0
28970,7.0
4231,6.0
22695,7.0
12032,7.0
26027,6.0
23064,4.0
14253,7.0
21625,7.0
11201,7.0
23893,7.0
25747,6.0
23632,7.0
24522,6.0
7869,7.0
300,8.0
4571,7.0
26572,6.0
23937,7.0
13001,6.0
10541,7.0
13137,8.0
8137,6.0
5130,5.0
74,5.0
15589,6.0
9000,5.0
12894,7.0
24970,6.0
3478,8.0
22821,6.0
24964,7.0
210,6.0
28406,6.0
26404,6.0
11229,6.0
4352,6.0
691,7.0
15462,6.0
12482,7.0
4640,7.0
23849,6.0
2970,8.0
25022,7.0
14836,7.0
7042,7.0
20589,6.0
17542,7.0
3376,7.0
18138,6.0
1579,7.0
15776,6.0
6947,6.0
12746,7.0
23102,7.0
19256,6.0
19448,6.0
26012,6.0
11997,8.0
13478,7.0
5957,6.0
16295,7.0
7218,5.0
14573,7.0
18304,7.0
12765,7.0
20651,6.0
23910,6.0
14923,7.0
17421,7.0
8421,5.0
26992,7.0
26284,7.0
5015,5.0
24644,8.0
22509,6.0
22676,6.0
22043,7.0
5787,7.0
13829,6.0
11445,7.0
12873,7.0
19470,6.0
27932,6.0
20151,8.0
2519,7.0
26070,6.0
26790,6.0
9912,7.0
25295,6.0
29213,7.0
24236,5.0
26113,7.0
13479,7.0
10861,7.0
8730,5.0
15505,8.0
14425,7.0
14364,6.0
11952,6.0
6040,5.0
20715,6.0
3321,6.0
23427,7.0
22667,6.0
608,7.0
8482,7.0
12356,6.0
8209,6.0
11800,6.0
6971,7.0
26065,7.0
27575,5.0
15615,7.0
9855,7.0
26840,7.0
23094,7.0
14244,6.0
1201,7.0
18081,6.0
1140,7.0
20620,7.0
1562,6.0
25482,7.0
14553,7.0
7015,7.0
21762,7.0
17969,7.0
13165,6.0
11529,6.0
12794,7.0
6886,8.0
27082,6.0
24340,6.0
27414,7.0
24555,7.0
17101,6.0
20897,6.0
15983,6.0
15105,7.0
11205,6.0
18383,7.0
12399,7.0
14611,8.0
28183,6.0
7985,7.0
10219,6.0
16838,7.0
19379,7.0
2505,7.0
12080,6.0
25832,6.0
12770,5.0
12324,7.0
20887,7.0
13782,8.0
23338,7.0
27023,5.0
7847,7.0
23839,7.0
14961,7.0
26385,7.0
26135,7.0
7844,7.0
25000,6.0
10184,7.0
1914,5.0
20095,7.0
24863,7.0
7280,8.0
15821,6.0
3794,7.0
17301,7.0
18760,7.0
9937,7.0
9063,8.0
10069,7.0
11676,7.0
655,8.0
3832,6.0
19823,7.0
21994,7.0
12141,8.0
5736,7.0
9408,7.0
5203,6.0
24221,7.0
2312,7.0
28692,6.0
17896,7.0
3613,5.0
15952,7.0
18702,7.0
12234,7.0
14588,7.0
14487,6.0
4138,7.0
23614,6.0
14927,7.0
77,7.0
27598,6.0
1580,6.0
28165,7.0
18916,5.0
17057,8.0
11536,5.0
99,7.0
10494,8.0
7831,6.0
3842,7.0
17437,7.0
617,5.0
14661,7.0
22412,6.0
10867,7.0
18240,6.0
10501,5.0
2881,7.0
4886,5.0
28112,7.0
7609,7.0
4611,6.0
11126,7.0
22788,6.0
11098,7.0
9495,7.0
17791,7.0
24425,6.0
8326,6.0
16876,5.0
14924,6.0
7396,4.0
26665,7.0
27282,7.0
21863,7.0
5669,7.0
7788,6.0
3302,8.0
15155,7.0
4072,7.0
274,5.0
24197,7.0
18272,8.0
13166,8.0
24755,6.0
13106,8.0
14570,7.0
20068,6.0
22145,7.0
4628,7.0
1508,6.0
8608,7.0
5964,6.0
6443,8.0
25247,7.0
1686,7.0
20909,8.0
6232,6.0
8675,7.0
1638,4.0
16313,7.0
24723,6.0
2260,6.0
9979,6.0
23599,7.0
7433,7.0
24202,7.0
4889,6.0
9053,5.0
14097,7.0
12432,7.0
15515,7.0
19584,6.0
2484,6.0
10726,6.0
22624,7.0
25248,8.0
17361,6.0
18378,7.0
11083,6.0
25112,6.0
23753,6.0
16293,7.0
22559,7.0
2288,6.0
16818,8.0
9331,7.0
3070,8.0
19856,8.0
16377,6.0
13435,6.0
1008,7.0
24824,6.0
4964,7.0
21811,7.0
26119,6.0
4282,8.0
13649,8.0
409,6.0
5366,6.0
182,7.0
12073,7.0
13675,7.0
28768,7.0
19977,5.0
15329,7.0
5121,7.0
28637,6.0
19209,7.0
273,6.0
8448,7.0
8880,7.0
21584,6.0
11175,7.0
7137,8.0
12007,7.0
25106,7.0
19347,7.0
26776,6.0
22587,7.0
4996,5.0
9212,7.0
29184,6.0
23915,7.0
4471,6.0
18995,7.0
26631,7.0
2271,6.0
27807,7.0
6134,6.0
21129,7.0
8499,6.0
14529,5.0
29168,6.0
3614,6.0
28631,7.0
6114,7.0
24075,7.0
8905,6.0
22035,7.0
14343,6.0
23398,7.0
27700,7.0
2423,7.0
21769,6.0
8999,7.0
19348,6.0
5953,5.0
2359,7.0
7666,7.0
27986,6.0
15613,7.0
9971,7.0
14231,8.0
1847,6.0
2861,7.0
22958,7.0
17351,6.0
4239,8.0
6405,7.0
12666,7.0
13299,7.0
2904,7.0
3672,6.0
28951,6.0
10174,6.0
22136,7.0
11121,7.0
6248,7.0
15940,6.0
28619,7.0
2106,6.0
22868,6.0
25853,6.0
13574,6.0
9068,7.0
24531,7.0
13846,4.0
5525,8.0
9800,8.0
7264,6.0
4519,6.0
12660,7.0
5447,7.0
19858,7.0
25577,7.0
21342,6.0
9540,8.0
15680,7.0
13735,7.0
8399,6.0
17022,7.0
10607,6.0
20351,5.0
28312,6.0
19518,7.0
25610,6.0
24203,7.0
27570,6.0
272,6.0
26161,6.0
18693,8.0
19076,7.0
8001,7.0
23787,6.0
12675,6.0
2532,6.0
28870,7.0
21329,7.0
29208,7.0
13656,7.0
3688,7.0
23194,7.0
10923,7.0
7483,7.0
3066,7.0
28984,6.0
28184,6.0
20499,7.0
5592,5.0
21577,7.0
23627,6.0
9478,5.0
16617,6.0
27512,3.0
28435,6.0
18397,7.0
25548,6.0
24981,7.0
6119,6.0
26836,6.0
10566,7.0
16388,6.0
17408,6.0
8786,6.0
4371,7.0
14965,6.0
26035,6.0
7438,7.0
4752,6.0
21543,7.0
25993,6.0
15546,7.0
19147,6.0
5742,6.0
29176,8.0
27780,6.0
14582,5.0
19033,7.0
22700,6.0
19573,7.0
12268,7.0
19020,8.0
12256,7.0
2300,6.0
226,7.0
12189,6.0
25718,6.0
15080,6.0
21334,7.0
13771,6.0
21572,7.0
11932,6.0
21911,6.0
18701,6.0
8199,7.0
21913,7.0
4129,7.0
25416,6.0
12200,6.0
899,8.0
10004,7.0
23258,7.0
3678,7.0
10585,8.0
9733,7.0
3493,7.0
10595,6.0
8866,6.0
15340,5.0
28041,6.0
6781,6.0
25869,7.0
4107,7.0
5365,7.0
20848,7.0
8135,6.0
26097,6.0
28054,7.0
24928,7.0
20222,7.0
21467,8.0
17204,7.0
12881,7.0
230,7.0
22947,8.0
28981,6.0
17342,6.0
1995,7.0
11428,7.0
14412,6.0
25334,6.0
26074,7.0
4197,6.0
1188,6.0
3956,7.0
15104,8.0
53,8.0
7123,6.0
7256,5.0
23671,6.0
23788,7.0
21249,8.0
7421,7.0
27838,6.0
2416,6.0
2845,7.0
6209,6.0
23,7.0
2860,7.0
22647,7.0
25076,7.0
13360,6.0
25901,7.0
10475,7.0
5235,4.0
19948,6.0
7620,6.0
14605,6.0
19548,8.0
28323,7.0
19686,7.0
1775,7.0
27216,7.0
11302,6.0
19262,5.0
29170,6.0
25253,7.0
19009,7.0
8417,5.0
22214,6.0
26158,6.0
12139,7.0
17503,6.0
13324,7.0
21182,6.0
7166,7.0
12378,7.0
2542,5.0
26985,6.0
17957,8.0
4742,7.0
8919,5.0
11072,7.0
7703,7.0
25392,7.0
15586,5.0
2435,8.0
15750,5.0
13754,6.0
23065,7.0
4787,7.0
24302,6.0
18300,7.0
24204,6.0
8475,6.0
16151,7.0
28344,7.0
29029,7.0
27574,5.0
27142,7.0
15366,8.0
2878,7.0
21196,7.0
8426,7.0
5767,6.0
11504,8.0
22380,7.0
9299,6.0
24595,7.0
23035,7.0
26360,6.0
22502,7.0
10239,7.0
28363,7.0
5352,6.0
20990,7.0
8924,6.0
1623,7.0
10049,6.0
27795,6.0
24437,6.0
2597,7.0
18498,7.0
26047,8.0
22003,7.0
4339,6.0
7922,7.0
27746,6.0
12917,5.0
28833,7.0
8594,6.0
21785,6.0
28485,7.0
25666,6.0
9822,7.0
7892,6.0
2380,8.0
29058,6.0
21980,6.0
22076,6.0
24803,7.0
14165,6.0
7119,6.0
142,5.0
14973,7.0
17742,6.0
24974,7.0
1205,6.0
9361,7.0
2317,8.0
3807,6.0
25037,6.0
16072,7.0
10172,8.0
27204,6.0
19641,7.0
3654,6.0
24984,6.0
28595,7.0
19888,6.0
6571,8.0
20094,8.0
5704,7.0
3457,8.0
5661,7.0
14142,7.0
22117,7.0
18773,4.0
25272,7.0
14571,6.0
28479,6.0
20739,7.0
18411,6.0
27177,7.0
9459,7.0
4305,8.0
16493,7.0
5328,6.0
15832,7.0
16561,7.0
14711,6.0
26080,7.0
8229,8.0
28157,6.0
13599,8.0
9611,6.0
28844,6.0
13136,8.0
11483,6.0
27357,7.0
21066,7.0
15343,6.0
28629,6.0
14812,6.0
3808,6.0
10293,6.0
2216,7.0
13751,7.0
12787,6.0
28646,6.0
3566,5.0
25603,8.0
8009,7.0
2848,7.0
26675,8.0
23623,7.0
11805,7.0
15130,6.0
13302,6.0
5567,8.0
17590,6.0
14383,6.0
16954,6.0
22931,7.0
11054,7.0
29013,6.0
12737,7.0
9505,7.0
8676,8.0
25695,7.0
4782,7.0
4806,6.0
10866,6.0
26787,7.0
28227,7.0
26078,6.0
652,8.0
23864,7.0
23355,7.0
26206,7.0
20730,5.0
13858,8.0
24696,5.0
21844,6.0
22257,6.0
17793,6.0
15171,7.0
22203,7.0
25908,6.0
23109,6.0
12047,6.0
27871,7.0
22998,6.0
23576,6.0
12774,6.0
26461,6.0
11391,6.0
7538,6.0
19119,6.0
15377,6.0
14382,6.0
7901,7.0
14087,6.0
437,7.0
13857,6.0
112,7.0
19265,7.0
24409,7.0
16006,6.0
12076,6.0
27653,6.0
21939,7.0
20514,7.0
17420,6.0
7009,7.0
10151,6.0
2821,7.0
15597,6.0
1795,7.0
8019,7.0
16651,8.0
24460,7.0
9566,6.0
11071,7.0
566,8.0
465,6.0
3572,7.0
27998,6.0
11891,7.0
23447,6.0
14224,7.0
11936,7.0
12600,6.0
22753,7.0
4625,6.0
5666,7.0
5138,8.0
6819,9.0
19188,7.0
28081,6.0
23869,6.0
15811,7.0
10725,7.0
11760,6.0
25177,7.0
14114,6.0
3739,7.0
20787,7.0
178,7.0
27118,6.0
6120,6.0
17928,6.0
16948,7.0
25038,6.0
9322,6.0
19015,7.0
15016,7.0
2866,7.0
11544,8.0
16462,8.0
19405,6.0
6498,6.0
11736,6.0
27207,7.0
18794,6.0
13756,7.0
22781,6.0
286,7.0
9324,8.0
27056,6.0
23799,6.0
19730,7.0
8639,8.0
10760,7.0
2077,7.0
26798,7.0
18612,7.0
9703,6.0
23721,6.0
7016,6.0
20741,7.0
23298,8.0
2113,6.0
12161,6.0
24731,6.0
13263,7.0
16632,7.0
16531,5.0
7637,7.0
12569,7.0
5283,6.0
21596,7.0
16630,7.0
26443,6.0
20417,7.0
5822,6.0
22449,7.0
5216,7.0
21224,7.0
27874,6.0
20303,7.0
27116,7.0
3881,6.0
14500,7.0
28539,6.0
5120,8.0
1334,5.0
16154,6.0
9662,7.0
9089,8.0
16040,6.0
12204,6.0
22943,7.0
3012,7.0
24971,6.0
24710,6.0
7772,6.0
23167,7.0
1255,7.0
25880,6.0
3765,7.0
20497,8.0
22452,7.0
17819,7.0
19421,8.0
22975,6.0
22803,7.0
21118,7.0
25349,6.0
11561,8.0
2527,8.0
24417,8.0
25974,6.0
19911,6.0
12702,7.0
18863,6.0
2608,6.0
1959,7.0
23510,6.0
28495,6.0
23030,8.0
5650,7.0
7189,8.0
26531,6.0
2960,6.0
21682,6.0
26152,7.0
7470,8.0
6210,7.0
3193,6.0
28790,6.0
8257,7.0
29043,6.0
6787,6.0
10565,7.0
207,7.0
26450,7.0
7774,7.0
8697,7.0
19117,7.0
17670,5.0
10630,5.0
4070,6.0
10838,6.0
15218,6.0
19041,7.0
21576,7.0
20907,7.0
7873,7.0
22567,7.0
28778,8.0
16873,7.0
23595,7.0
8273,8.0
13064,8.0
3668,6.0
15937,7.0
15584,8.0
25073,6.0
22838,7.0
24957,4.0
27171,7.0
28048,6.0
19849,7.0
8079,7.0
23861,6.0
761,7.0
28262,6.0
15251,6.0
14955,7.0
17277,6.0
1620,7.0
17457,7.0
8912,7.0
7946,8.0
14501,6.0
4007,6.0
16403,5.0
13628,7.0
26003,6.0
5840,6.0
6663,8.0
8940,7.0
22023,7.0
2401,8.0
11852,6.0
16549,5.0
23156,6.0
5504,7.0
22883,7.0
1960,7.0
8913,7.0
21947,6.0
1317,6.0
26966,7.0
2337,7.0
20157,7.0
764,7.0
11726,7.0
16546,7.0
9426,6.0
7297,7.0
12061,7.0
18718,6.0
27747,6.0
16329,5.0
2610,6.0
11644,7.0
7074,8.0
16846,7.0
24862,6.0
3224,6.0
12339,7.0
5204,6.0
11593,6.0
353,8.0
19707,6.0
15796,7.0
19844,7.0
10457,7.0
21822,6.0
5347,6.0
7995,7.0
3702,8.0
27474,8.0
20636,7.0
10514,7.0
22038,6.0
18137,6.0
23080,7.0
20666,7.0
5581,7.0
21497,7.0
17932,7.0
20837,7.0
4039,8.0
11860,7.0
21212,6.0
19598,8.0
26464,7.0
7773,8.0
21602,7.0
12899,7.0
15553,6.0
26102,8.0
13613,6.0
27159,6.0
4375,6.0
2744,6.0
23899,5.0
9932,7.0
22997,7.0
26509,8.0
18959,6.0
14914,7.0
11507,6.0
28657,8.0
10818,8.0
8626,6.0
15031,6.0
19550,7.0
23004,7.0
21213,6.0
24114,6.0
19758,6.0
24697,6.0
10424,7.0
2224,8.0
588,7.0
7864,7.0
22032,6.0
1581,6.0
21803,6.0
1945,8.0
23016,7.0
28324,6.0
25473,7.0
28716,7.0
29079,6.0
18462,6.0
9298,6.0
26058,6.0
12562,6.0
21138,7.0
7904,7.0
25127,7.0
2929,7.0
4421,6.0
5282,7.0
19440,7.0
3084,7.0
24925,6.0
8961,6.0
8698,6.0
1850,6.0
6694,6.0
11449,7.0
7799,7.0
6721,7.0
2705,7.0
5643,7.0
4033,5.0
8892,6.0
1540,7.0
10806,6.0
12509,7.0
8420,5.0
18689,5.0
27705,7.0
16733,6.0
17326,7.0
20338,7.0
19123,8.0
16982,6.0
3524,7.0
984,7.0
19910,6.0
9778,7.0
17974,7.0
25694,6.0
16174,6.0
9021,7.0
10358,7.0
14037,6.0
11114,6.0
24108,7.0
15806,6.0
19204,7.0
6832,6.0
12483,6.0
3173,7.0
1228,5.0
9349,6.0
5856,6.0
26907,6.0
4125,7.0
21083,8.0
24605,8.0
18179,7.0
25395,6.0
2662,8.0
25967,6.0
25963,7.0
23225,7.0
28281,7.0
17781,7.0
2879,7.0
14414,7.0
12691,7.0
24537,7.0
23192,8.0
17267,6.0
9827,8.0
17081,7.0
4145,8.0
15990,7.0
10143,6.0
14018,6.0
11527,6.0
3129,7.0
979,8.0
21407,6.0
5342,6.0
26927,7.0
19709,7.0
8531,7.0
14676,7.0
4529,7.0
27412,6.0
3405,6.0
27166,7.0
10935,6.0
27321,8.0
28804,5.0
9839,8.0
7434,7.0
6706,8.0
8289,6.0
27080,6.0
4512,5.0
27959,8.0
6341,8.0
24688,7.0
13887,7.0
27644,5.0
2965,7.0
27406,7.0
16662,6.0
12591,7.0
14867,7.0
12205,7.0
570,7.0
1641,7.0
17141,7.0
29158,6.0
5252,6.0
23060,6.0
7569,8.0
20858,7.0
9176,7.0
23166,6.0
6230,8.0
832,6.0
25067,6.0
14182,7.0
3896,6.0
10892,7.0
21501,7.0
21026,7.0
19281,6.0
1054,6.0
4211,8.0
3105,7.0
17037,7.0
9569,7.0
27621,6.0
15906,7.0
17459,5.0
18372,7.0
4710,6.0
6934,5.0
1172,6.0
21394,6.0
15588,7.0
18200,8.0
24813,8.0
16416,7.0
28159,7.0
6343,6.0
24575,6.0
3587,5.0
25185,7.0
14511,6.0
5923,6.0
23288,8.0
4587,7.0
27515,7.0
24938,6.0
13620,8.0
2,5.0
15396,7.0
5125,6.0
18310,7.0
21507,6.0
3007,7.0
841,6.0
23056,6.0
6734,6.0
14772,7.0
27670,6.0
599,8.0
18948,6.0
17982,7.0
28294,7.0
11751,7.0
4485,5.0
22500,7.0
21234,6.0
26107,7.0
9587,6.0
27822,6.0
3240,7.0
27352,6.0
9917,6.0
3452,9.0
10589,5.0
6798,7.0
25914,6.0
17985,7.0
12693,7.0
25909,6.0
3737,6.0
17895,6.0
19023,7.0
6544,6.0
14098,7.0
5243,7.0
19433,8.0
2444,5.0
12170,6.0
17482,6.0
12325,6.0
9511,7.0
27543,7.0
14213,6.0
9844,7.0
17224,5.0
20386,7.0
12723,6.0
11249,6.0
5574,6.0
26061,6.0
27882,7.0
2655,8.0
2701,6.0
10790,7.0
7043,7.0
885,5.0
11102,8.0
29009,7.0
14447,6.0
9853,6.0
425,6.0
609,7.0
25405,7.0
23379,6.0
14413,6.0
15265,6.0
28290,6.0
13451,6.0
7510,7.0
6905,6.0
5406,8.0
9863,6.0
3658,8.0
23171,6.0
27883,6.0
19546,7.0
23455,7.0
19235,7.0
24737,6.0
23361,7.0
27247,6.0
27514,7.0
4692,6.0
12993,7.0
25497,7.0
27699,6.0
9517,7.0
27173,6.0
1719,7.0
21136,7.0
10100,7.0
14776,7.0
23980,6.0
18150,6.0
1110,8.0
29024,7.0
22017,6.0
8619,5.0
9313,8.0
27368,6.0
26510,7.0
17379,6.0
6520,7.0
1996,6.0
5800,6.0
12488,7.0
380,7.0
587,6.0
20130,6.0
25644,6.0
20854,7.0
1544,6.0
2844,7.0
9256,7.0
14059,7.0
10646,7.0
20657,5.0
7206,7.0
17386,8.0
11286,7.0
5561,6.0
17562,6.0
14542,7.0
7813,5.0
26347,7.0
16165,7.0
8579,6.0
5082,5.0
10410,7.0
6407,7.0
21108,8.0
26354,6.0
3370,6.0
22538,6.0
21641,6.0
8087,5.0
1632,7.0
28789,6.0
21051,8.0
20928,6.0
16269,6.0
21354,5.0
6235,7.0
15342,7.0
28832,7.0
14073,8.0
28858,7.0
22845,6.0
2065,7.0
1539,7.0
6795,7.0
15831,6.0
25503,6.0
9189,6.0
1153,6.0
25605,6.0
15778,6.0
9161,8.0
21093,7.0
23553,7.0
4667,7.0
4961,6.0
3107,6.0
8638,5.0
1004,7.0
10829,7.0
4412,7.0
25907,6.0
13227,7.0
18146,6.0
13813,6.0
18807,6.0
11025,5.0
22451,7.0
19155,6.0
27373,6.0
18710,7.0
14954,7.0
25627,6.0
24805,6.0
22089,6.0
29049,6.0
2847,7.0
16877,7.0
22010,7.0
16861,7.0
591,6.0
16712,5.0
18149,6.0
9763,7.0
2172,7.0
709,7.0
25847,7.0
13548,8.0
15087,7.0
7800,7.0
21294,6.0
7547,6.0
6581,7.0
24638,7.0
9024,6.0
10887,7.0
17208,7.0
25400,7.0
25701,6.0
28369,6.0
2746,5.0
19144,7.0
960,8.0
4113,6.0
23245,6.0
23908,7.0
26823,7.0
17200,5.0
7010,6.0
1980,6.0
25801,5.0
12335,7.0
23816,5.0
26261,7.0
4174,7.0
15371,6.0
16452,7.0
29222,7.0
1548,7.0
18097,7.0
21085,7.0
4582,6.0
8468,8.0
26824,6.0
26562,6.0
20964,7.0
21689,7.0
26079,7.0
3940,7.0
23350,7.0
17848,8.0
27997,7.0
10078,8.0
28072,7.0
25733,7.0
26270,7.0
24918,7.0
28814,6.0
24129,6.0
27342,7.0
17961,5.0
23643,7.0
5246,7.0
14780,7.0
26893,6.0
13326,8.0
11307,7.0
12343,7.0
28666,5.0
16854,7.0
20817,7.0
4755,9.0
24811,6.0
21292,6.0
12261,6.0
21905,7.0
14089,7.0
3964,7.0
24615,6.0
14179,7.0
26427,7.0
18648,6.0
7903,7.0
799,6.0
18447,6.0
9151,7.0
5938,7.0
23589,8.0
9251,8.0
22558,7.0
1912,8.0
26493,5.0
951,5.0
15244,7.0
2766,6.0
18348,6.0
5637,7.0
26925,7.0
27945,6.0
9257,4.0
10554,7.0
17297,6.0
3355,6.0
17033,8.0
20329,5.0
7655,7.0
10461,7.0
14762,8.0
16061,6.0
13643,7.0
21020,5.0
23236,7.0
11073,6.0
5337,7.0
25205,6.0
9694,6.0
15413,6.0
4067,7.0
18535,7.0
26335,7.0
21729,6.0
8336,7.0
13993,6.0
3017,7.0
12661,8.0
22957,7.0
16470,6.0
12279,7.0
13471,6.0
644,8.0
4780,7.0
22990,5.0
15672,7.0
28287,6.0
23523,8.0
13280,7.0
28429,6.0
8033,6.0
20941,8.0
6150,7.0
1402,5.0
11306,7.0
15645,6.0
11770,6.0
2038,5.0
24566,6.0
3514,7.0
8314,8.0
22961,6.0
9119,7.0
11511,6.0
4260,5.0
3830,7.0
10253,7.0
28232,7.0
15614,8.0
21485,7.0
23038,6.0
17925,5.0
18156,7.0
12079,5.0
781,7.0
12686,7.0
5197,8.0
12177,7.0
26949,6.0
24677,6.0
28412,7.0
3925,7.0
21100,6.0
8255,7.0
9686,7.0
25193,6.0
26957,8.0
28499,7.0
14741,6.0
27290,7.0
21459,7.0
20055,7.0
12906,6.0
8772,7.0
23770,6.0
3928,6.0
2470,6.0
4817,7.0
27695,6.0
789,6.0
8469,7.0
24639,6.0
9714,7.0
19774,7.0
4230,5.0
6583,7.0
7002,6.0
22116,7.0
25590,7.0
13344,7.0
26976,6.0
16286,7.0
20927,7.0
27337,6.0
15243,7.0
8941,6.0
7787,7.0
28926,7.0
8727,7.0
28719,6.0
7941,5.0
5426,6.0
26318,6.0
13426,7.0
4453,8.0
9483,5.0
20549,7.0
11370,7.0
25443,7.0
26885,7.0
21727,7.0
14806,7.0
22018,6.0
16178,5.0
7554,7.0
23672,7.0
4798,6.0
160,7.0
20511,6.0
2049,6.0
23359,6.0
11683,7.0
16373,6.0
19115,6.0
6563,8.0
28576,7.0
6425,7.0
23968,7.0
15378,6.0
15381,7.0
24602,5.0
23343,7.0
5387,6.0
3748,6.0
22223,6.0
27715,6.0
13868,6.0
2426,6.0
19120,8.0
20407,7.0
13365,7.0
28541,6.0
11617,6.0
7866,6.0
16125,7.0
16182,6.0
8351,5.0
4021,7.0
19920,7.0
9156,6.0
13094,8.0
24061,7.0
23895,7.0
25009,7.0
7592,6.0
6488,8.0
6117,6.0
19998,8.0
1442,6.0
4642,7.0
27344,7.0
7198,5.0
20590,6.0
911,6.0
15403,7.0
10706,7.0
26715,6.0
25688,7.0
15966,7.0
24752,7.0
22586,6.0
23320,7.0
25010,7.0
16067,6.0
24342,6.0
13387,7.0
20488,8.0
18223,7.0
20210,6.0
27905,6.0
5127,6.0
11742,7.0
23168,7.0
3985,7.0
20223,8.0
15526,6.0
11601,7.0
22263,7.0
5132,6.0
16698,6.0
410,7.0
18275,6.0
6897,8.0
16570,8.0
7111,6.0
27447,6.0
23631,7.0
656,8.0
27736,6.0
17546,6.0
15268,7.0
5074,7.0
18425,8.0
23346,6.0
6834,7.0
15073,7.0
25840,6.0
25601,6.0
18281,6.0
21827,7.0
25350,6.0
25260,7.0
5749,7.0
5697,8.0
22837,6.0
17257,6.0
5033,6.0
15443,7.0
3305,7.0
16966,7.0
18716,6.0
24775,7.0
15664,7.0
14619,7.0
28829,7.0
24673,6.0
16471,7.0
1435,8.0
24702,7.0
6372,6.0
3750,7.0
23289,6.0
22930,8.0
11149,7.0
1267,7.0
10452,7.0
8581,7.0
28357,8.0
8591,7.0
21547,7.0
7199,6.0
14698,7.0
17933,6.0
10075,7.0
4037,6.0
14323,7.0
1436,8.0
11123,8.0
8410,6.0
14846,6.0
11656,7.0
3779,6.0
19662,6.0
10789,7.0
22668,6.0
24152,7.0
28198,7.0
14707,6.0
6695,8.0
23741,7.0
27061,7.0
16836,8.0
26540,6.0
26786,6.0
394,7.0
13131,7.0
5924,6.0
24869,6.0
12430,6.0
19397,7.0
29055,7.0
16216,6.0
18389,6.0
15483,7.0
22894,7.0
12419,7.0
13287,7.0
24664,6.0
26617,6.0
26887,7.0
20174,7.0
6703,7.0
9286,6.0
27486,6.0
16363,7.0
10911,6.0
6413,9.0
552,6.0
20720,6.0
15384,6.0
28449,7.0
9367,6.0
2086,6.0
153,7.0
21661,7.0
20753,7.0
17409,7.0
29018,7.0
7139,6.0
5165,8.0
27931,6.0
23669,8.0
2259,8.0
26915,7.0
14941,6.0
12326,6.0
26401,7.0
24823,6.0
21989,5.0
6927,7.0
10420,7.0
28348,6.0
12931,6.0
18255,4.0
28967,7.0
5071,6.0
7537,8.0
15813,6.0
1301,8.0
14550,6.0
561,8.0
14104,8.0
20088,5.0
25849,6.0
19745,8.0
12016,5.0
1389,8.0
20947,6.0
14206,6.0
19070,6.0
26884,7.0
21019,6.0
15930,7.0
25802,5.0
24977,7.0
3724,5.0
3875,7.0
12148,6.0
1042,7.0
6436,6.0
3470,7.0
27694,6.0
21283,7.0
23916,8.0
4682,6.0
3722,6.0
26077,6.0
14280,7.0
8451,6.0
11423,7.0
17991,8.0
23515,6.0
11014,7.0
19006,7.0
27837,6.0
7961,4.0
43,7.0
8684,5.0
12669,7.0
25761,7.0
5792,7.0
28613,6.0
26416,7.0
23673,6.0
5469,7.0
28949,6.0
13386,7.0
28607,6.0
13770,6.0
14688,7.0
23139,6.0
10972,6.0
18147,6.0
19717,7.0
27243,7.0
14541,6.0
16805,6.0
14369,6.0
27395,6.0
7519,7.0
11623,7.0
5870,6.0
15153,7.0
20792,8.0
7285,6.0
11234,8.0
2341,7.0
25696,7.0
15955,6.0
12436,6.0
11013,7.0
24939,6.0
11506,7.0
25542,8.0
24822,7.0
24169,6.0
1231,5.0
13791,6.0
28909,7.0
6271,7.0
23801,5.0
17621,7.0
6818,9.0
6559,7.0
20331,6.0
10638,7.0
2956,6.0
27625,7.0
15392,7.0
14273,5.0
15363,6.0
16505,6.0
26685,6.0
8210,7.0
7182,8.0
13159,6.0
24985,6.0
20070,7.0
21751,6.0
19084,6.0
24501,7.0
4699,8.0
17907,7.0
12235,7.0
24978,7.0
27390,7.0
784,7.0
19476,6.0
7627,7.0
11336,7.0
16199,8.0
10323,6.0
26459,7.0
4661,7.0
23905,7.0
26805,7.0
21633,6.0
6762,5.0
27019,6.0
16028,7.0
17423,7.0
20526,7.0
5698,7.0
2690,6.0
21770,6.0
26606,7.0
324,8.0
24814,7.0
9854,7.0
19393,7.0
25855,6.0
5879,7.0
10837,8.0
23092,7.0
1233,7.0
2853,6.0
22790,4.0
6332,7.0
27203,6.0
2941,6.0
461,6.0
14358,7.0
12181,6.0
25864,8.0
6552,6.0
19007,7.0
27326,6.0
7173,8.0
24747,8.0
8845,6.0
16398,7.0
16428,6.0
16559,6.0
11868,6.0
9307,7.0
25233,6.0
2479,7.0
27624,7.0
21917,7.0
8693,4.0
16957,5.0
2598,7.0
22303,4.0
27940,6.0
5973,7.0
14374,7.0
14694,7.0
14191,8.0
26791,6.0
22601,7.0
8445,6.0
10249,7.0
23513,6.0
2100,8.0
24785,5.0
4568,7.0
11418,7.0
24269,7.0
16781,7.0
19876,7.0
812,7.0
19973,6.0
29002,6.0
10530,8.0
6901,8.0
3046,7.0
27259,8.0
9807,7.0
12985,7.0
27885,6.0
28390,7.0
3385,6.0
18980,6.0
9400,5.0
18651,6.0
10510,7.0
20914,7.0
17321,7.0
2179,7.0
11684,6.0
1769,8.0
2272,6.0
17265,7.0
912,6.0
8065,6.0
15676,4.0
20688,6.0
24271,6.0
19321,6.0
20534,7.0
14061,6.0
9914,7.0
9323,8.0
20271,7.0
2962,7.0
9033,7.0
27138,6.0
1230,5.0
9293,7.0
12437,6.0
16558,6.0
14687,7.0
3510,4.0
23215,7.0
1276,7.0
6633,6.0
27298,7.0
28163,7.0
22514,5.0
2338,6.0
11466,7.0
2603,7.0
14074,7.0
2551,7.0
21372,7.0
13851,7.0
9814,5.0
10597,6.0
26822,6.0
6267,7.0
4309,6.0
18658,7.0
24698,6.0
11158,5.0
10259,7.0
5471,6.0
14125,6.0
17674,6.0
10107,6.0
11442,8.0
28085,7.0
23694,6.0
8272,6.0
19373,6.0
21210,8.0
24111,6.0
22760,6.0
15968,6.0
1136,7.0
9368,6.0
363,8.0
25771,7.0
1380,7.0
19726,6.0
892,6.0
21539,7.0
10142,8.0
21165,6.0
20744,7.0
23233,7.0
16648,8.0
15264,6.0
9242,6.0
4240,6.0
19556,5.0
8614,6.0
21990,6.0
25355,6.0
9772,7.0
19929,6.0
3615,8.0
15785,6.0
27536,6.0
24794,6.0
536,8.0
6049,8.0
15459,7.0
6558,8.0
23881,7.0
26633,7.0
21789,6.0
22179,7.0
6408,6.0
4086,6.0
861,6.0
16680,8.0
603,7.0
5141,7.0
8789,6.0
22407,7.0
11284,6.0
4111,6.0
27454,7.0
14522,6.0
18220,6.0
2517,6.0
9903,7.0
19182,8.0
1489,8.0
22824,6.0
7991,5.0
24913,6.0
13057,7.0
10062,7.0
12380,7.0
539,7.0
24568,5.0
9752,8.0
13879,6.0
19570,6.0
17766,7.0
6746,6.0
26448,7.0
15488,7.0
22979,7.0
14342,6.0
22589,5.0
21154,8.0
5250,6.0
18059,9.0
9476,7.0
18187,7.0
9661,6.0
25234,6.0
17237,7.0
21930,6.0
27117,7.0
24604,7.0
28918,6.0
28077,8.0
27851,7.0
24969,6.0
2466,7.0
8716,6.0
18003,6.0
5786,7.0
6014,7.0
27726,7.0
22733,5.0
1431,7.0
28734,7.0
1498,7.0
18269,7.0
14521,5.0
18244,7.0
4393,6.0
18551,7.0
15197,8.0
15834,7.0
21597,6.0
2220,7.0
27038,6.0
3701,7.0
18353,6.0
14009,7.0
8598,6.0
5677,7.0
8261,7.0
3031,7.0
4856,5.0
6080,6.0
29072,7.0
27128,8.0
19450,6.0
15032,6.0
15428,6.0
16227,6.0
24229,7.0
17883,6.0
3798,7.0
19083,6.0
12728,6.0
20191,7.0
10506,8.0
505,8.0
28860,6.0
8017,7.0
8238,7.0
6796,7.0
8280,7.0
12245,8.0
24,6.0
27803,6.0
5431,7.0
26307,7.0
1640,7.0
12367,7.0
2657,7.0
7553,6.0
28925,6.0
6239,9.0
22002,7.0
20141,6.0
5814,7.0
28306,6.0
9819,6.0
7093,6.0
14559,7.0
9893,7.0
28591,7.0
13311,7.0
25860,6.0
21097,7.0
9310,8.0
6557,7.0
8345,7.0
4065,5.0
9818,8.0
2917,7.0
18005,6.0
11311,7.0
2206,7.0
4005,6.0
26783,5.0
6432,7.0
2863,6.0
4030,7.0
13788,6.0
3311,7.0
2988,7.0
23870,6.0
22447,6.0
429,7.0
11532,6.0
27397,7.0
23526,7.0
28140,7.0
14379,6.0
27026,6.0
12647,7.0
19847,7.0
26814,7.0
24462,6.0
9563,9.0
18924,5.0
12309,6.0
28923,5.0
1938,6.0
2928,7.0
11793,7.0
4993,7.0
10778,7.0
20038,6.0
16842,8.0
6580,6.0
19509,7.0
3684,6.0
9817,5.0
26165,6.0
5579,7.0
8194,6.0
23145,5.0
17488,7.0
7591,6.0
20117,7.0
22052,7.0
14017,6.0
12662,7.0
27299,7.0
6499,8.0
1288,6.0
25377,7.0
22463,7.0
22123,7.0
20282,7.0
2692,6.0
7100,6.0
26278,6.0
6303,8.0
18930,6.0
16777,6.0
2712,8.0
21487,7.0
27346,6.0
16893,7.0
20782,5.0
22020,7.0
14429,8.0
3164,8.0
18650,6.0
21495,7.0
12526,7.0
18529,8.0
24594,5.0
15000,7.0
16017,6.0
17539,7.0
11305,7.0
20049,7.0
28907,6.0
5715,8.0
21760,7.0
25017,6.0
6247,7.0
29112,7.0
5061,6.0
21845,6.0
1182,8.0
4715,8.0
22307,7.0
6008,6.0
19130,6.0
21489,7.0
11273,6.0
13511,6.0
7558,6.0
11067,7.0
4182,6.0
12429,6.0
4739,6.0
2600,2.0
9897,6.0
2425,6.0
22400,6.0
3502,6.0
17909,7.0
9583,6.0
6461,7.0
20652,7.0
16478,8.0
22656,7.0
4962,7.0
9137,7.0
17824,7.0
9222,8.0
16697,7.0
19988,5.0
28955,7.0
783,6.0
3854,7.0
27708,6.0
19668,6.0
1928,7.0
16391,7.0
21031,6.0
22707,7.0
21171,8.0
24593,7.0
26332,7.0
8654,6.0
111,6.0
10817,8.0
16188,7.0
8185,6.0
13590,7.0
23879,6.0
21817,7.0
21795,8.0
6974,6.0
19492,7.0
12810,6.0
21084,6.0
24885,6.0
13043,8.0
1702,5.0
14186,6.0
28881,6.0
21717,5.0
22836,6.0
25296,6.0
23924,7.0
23724,7.0
22191,8.0
13190,6.0
26139,7.0
1664,6.0
9536,6.0
18160,7.0
15608,7.0
14110,7.0
19185,7.0
24709,5.0
24207,6.0
2731,6.0
26916,6.0
20348,7.0
6881,6.0
24584,6.0
24601,8.0
25288,6.0
19683,7.0
13210,7.0
21098,7.0
6214,7.0
4473,8.0
14721,5.0
1137,7.0
14856,6.0
26611,6.0
26843,7.0
18966,6.0
11708,7.0
19418,7.0
26050,6.0
28837,6.0
14792,8.0
13068,6.0
6607,7.0
24490,7.0
18405,7.0
26956,6.0
23221,6.0
8993,7.0
2173,7.0
26441,6.0
21598,7.0
8586,6.0
16063,6.0
17687,7.0
2046,7.0
14102,6.0
13335,7.0
18541,6.0
952,7.0
18173,8.0
9699,6.0
16137,6.0
15019,6.0
25998,7.0
19400,7.0
17846,6.0
19488,8.0
992,6.0
8388,7.0
145,7.0
10615,6.0
1090,7.0
5824,6.0
26420,8.0
18066,6.0
18076,7.0
431,7.0
5642,7.0
15070,6.0
13171,7.0
19109,7.0
26389,7.0
1465,7.0
4437,6.0
1865,7.0
16075,6.0
26341,7.0
3923,7.0
20775,7.0
19151,6.0
10153,7.0
4774,6.0
11040,7.0
22831,5.0
3372,7.0
24900,7.0
1919,6.0
9892,6.0
11989,7.0
833,7.0
27194,6.0
22409,7.0
27457,7.0
20806,7.0
18663,6.0
23668,5.0
11963,6.0
9047,7.0
8082,6.0
6282,7.0
9050,7.0
24847,6.0
18614,7.0
12594,8.0
3466,7.0
6186,6.0
8484,6.0
3950,7.0
16711,6.0
17983,7.0
15266,8.0
4275,7.0
20838,6.0
21465,7.0
20,7.0
4605,6.0
18984,8.0
27671,7.0
11873,7.0
11119,7.0
6295,7.0
21614,6.0
28393,7.0
2062,6.0
24708,7.0
6656,6.0
13164,5.0
23664,7.0
27810,7.0
6426,7.0
24168,8.0
28570,7.0
24081,7.0
20812,7.0
13980,7.0
9435,7.0
9482,6.0
15782,7.0
9544,6.0
6009,7.0
8480,6.0
13151,8.0
2945,6.0
13339,6.0
26512,6.0
3080,6.0
2420,8.0
8235,4.0
4435,8.0
23628,6.0
2248,6.0
21143,6.0
14520,6.0
5218,7.0
16795,7.0
25245,8.0
22973,7.0
17410,7.0
12982,7.0
1693,8.0
23410,6.0
21431,7.0
2572,6.0
11859,7.0
27875,6.0
7709,6.0
4286,7.0
4414,7.0
20679,7.0
25528,7.0
10403,7.0
10808,7.0
10061,6.0
1874,9.0
19753,6.0
27018,6.0
20624,6.0
25567,7.0
3149,7.0
22253,6.0
2218,6.0
24312,6.0
26511,6.0
15769,8.0
879,7.0
25078,7.0
5714,6.0
10380,7.0
22798,6.0
5580,7.0
220,7.0
893,7.0
15531,7.0
1951,7.0
1625,7.0
22101,7.0
4779,7.0
14589,7.0
29108,6.0
26089,6.0
21053,7.0
28900,7.0
24028,6.0
24937,7.0
27975,6.0
5629,7.0
3731,7.0
23087,7.0
18297,7.0
2719,8.0
8492,8.0
3522,7.0
12821,6.0
26362,6.0
28764,6.0
24232,7.0
16672,6.0
16171,7.0
6638,7.0
4334,6.0
17005,7.0
8040,7.0
4893,6.0
21693,6.0
28526,7.0
21494,6.0
3542,6.0
27976,6.0
1521,8.0
25526,7.0
1393,6.0
6333,6.0
25792,7.0
4480,7.0
19571,6.0
26239,6.0
4888,7.0
17046,6.0
3198,6.0
24138,5.0
9091,7.0
28700,6.0
328,8.0
5190,6.0
15745,6.0
3415,7.0
19894,6.0
20368,7.0
4298,7.0
914,8.0
4354,4.0
17162,7.0
26406,6.0
23116,6.0
28516,7.0
21510,6.0
17314,6.0
18543,7.0
318,8.0
28914,6.0
14768,6.0
26141,6.0
5035,7.0
27855,7.0
4705,7.0
26504,7.0
23529,6.0
27280,6.0
13491,6.0
18148,5.0
26498,6.0
27818,7.0
24777,7.0
12479,7.0
12792,6.0
441,8.0
795,6.0
28859,5.0
12421,7.0
25999,7.0
6345,7.0
6447,7.0
20438,7.0
17031,6.0
12757,7.0
12684,8.0
28891,6.0
27448,5.0
17888,6.0
24695,6.0
28211,6.0
29120,6.0
24153,7.0
28644,6.0
27956,6.0
15112,6.0
28584,5.0
22022,7.0
14890,7.0
28260,6.0
17266,6.0
23423,7.0
24567,9.0
26449,7.0
27853,7.0
23027,7.0
17072,5.0
19399,7.0
23824,7.0
13392,6.0
29030,8.0
18305,6.0
16247,6.0
24216,7.0
21152,6.0
1549,8.0
551,7.0
24670,6.0
7767,6.0
21855,6.0
14920,6.0
2520,7.0
22607,7.0
28671,7.0
16969,7.0
20126,7.0
4823,6.0
21685,7.0
20342,6.0
27825,6.0
15559,6.0
8340,6.0
14106,7.0
23287,6.0
22327,6.0
23496,7.0
13516,4.0
11082,7.0
20398,6.0
13323,7.0
21858,6.0
19513,6.0
18653,6.0
11110,7.0
9852,7.0
4200,7.0
28618,8.0
18327,6.0
21815,8.0
26034,7.0
21820,6.0
13895,7.0
29073,7.0
4843,8.0
19177,6.0
27759,7.0
6417,7.0
2755,7.0
12015,5.0
26673,7.0
1368,7.0
6353,6.0
23699,8.0
28874,6.0
24718,5.0
22993,7.0
5140,7.0
27797,6.0
8521,5.0
27122,7.0
18717,6.0
12739,7.0
23256,7.0
21364,7.0
2309,6.0
26455,6.0
7890,7.0
12957,6.0
22903,6.0
11129,7.0
6906,7.0
22792,7.0
25534,5.0
9562,7.0
26937,6.0
7657,7.0
22166,8.0
16724,6.0
23067,7.0
21771,6.0
16739,7.0
27597,6.0
26182,7.0
21220,6.0
23690,7.0
28968,6.0
26632,7.0
12448,6.0
23578,7.0
9935,6.0
16029,7.0
9649,6.0
7947,7.0
27498,6.0
19506,6.0
22717,6.0
23943,7.0
10052,6.0
28523,7.0
16706,6.0
14495,7.0
14230,8.0
21280,6.0
2997,6.0
15221,6.0
26128,7.0
5512,6.0
7793,6.0
13776,8.0
1925,7.0
958,6.0
15771,8.0
28889,6.0
20563,7.0
17869,7.0
27934,6.0
16851,6.0
22847,7.0
28408,7.0
16663,7.0
26363,7.0
22377,6.0
1274,7.0
28424,7.0
9463,7.0
12481,7.0
11075,6.0
21862,8.0
1060,7.0
26025,6.0
26309,5.0
592,6.0
12092,8.0
10909,7.0
29148,8.0
20924,4.0
2295,8.0
13524,7.0
20687,6.0
7792,6.0
823,7.0
17041,7.0
21759,6.0
20291,8.0
553,6.0
16752,7.0
14490,8.0
2347,6.0
17064,8.0
23444,7.0
16207,6.0
26419,5.0
15842,6.0
14811,7.0
6060,8.0
11140,6.0
21635,6.0
27965,6.0
27478,6.0
9354,7.0
10767,5.0
12668,6.0
8404,6.0
6058,7.0
16221,7.0
28008,7.0
7676,7.0
7346,7.0
12838,6.0
13739,7.0
10617,7.0
6219,7.0
15478,5.0
17816,7.0
13880,7.0
27760,6.0
14699,7.0
16910,6.0
22734,8.0
3172,7.0
28078,6.0
21604,6.0
12850,8.0
21567,7.0
23913,7.0
356,7.0
26240,7.0
28641,6.0
18695,7.0
21190,6.0
4915,6.0
3911,8.0
25218,5.0
11141,7.0
3102,6.0
28490,6.0
20272,8.0
7130,7.0
25583,6.0
244,6.0
11419,7.0
5662,6.0
986,7.0
25787,6.0
1561,8.0
18814,7.0
24303,6.0
10470,7.0
14334,7.0
7625,7.0
28296,6.0
12689,6.0
23715,6.0
13033,7.0
20868,4.0
21370,7.0
11230,6.0
15748,8.0
5161,7.0
15926,6.0
24313,7.0
28381,6.0
24689,5.0
5498,6.0
5999,6.0
22688,6.0
14533,6.0
20472,5.0
9425,6.0
21697,5.0
17960,6.0
10490,8.0
15284,7.0
17665,6.0
12376,6.0
14039,7.0
8968,7.0
10933,7.0
1536,5.0
21244,7.0
10154,7.0
5434,8.0
29134,7.0
16427,6.0
26321,6.0
24870,6.0
12532,6.0
18527,6.0
17000,8.0
16387,6.0
19772,7.0
25036,6.0
16785,7.0
13465,5.0
5519,6.0
24293,6.0
25795,6.0
28689,6.0
27172,7.0
27917,8.0
5481,6.0
9743,5.0
13842,7.0
9688,8.0
21405,6.0
17195,7.0
8240,6.0
11173,7.0
25059,7.0
18561,7.0
26185,7.0
21119,6.0
10810,7.0
20860,8.0
25781,6.0
24743,6.0
24142,7.0
5586,7.0
17604,6.0
23698,6.0
1902,7.0
16299,8.0
18002,6.0
14781,6.0
12187,6.0
9767,6.0
1350,7.0
5158,7.0
5024,5.0
3175,6.0
15425,7.0
19282,7.0
17780,7.0
21047,7.0
15074,8.0
21554,6.0
19951,7.0
20702,6.0
7059,6.0
17849,8.0
23498,7.0
9391,8.0
14348,8.0
15512,8.0
23314,7.0
25558,6.0
26101,6.0
18341,6.0
22190,6.0
24237,7.0
14326,6.0
16683,7.0
24622,5.0
20847,6.0
18724,6.0
4220,7.0
840,7.0
21384,7.0
21415,6.0
26622,7.0
6032,6.0
14115,6.0
158,7.0
28678,6.0
23946,7.0
22891,8.0
23022,7.0
14415,8.0
21945,6.0
16456,8.0
23735,6.0
15853,7.0
27714,6.0
12269,7.0
11918,7.0
17107,7.0
13539,7.0
17799,5.0
19845,6.0
4296,6.0
24806,7.0
18920,6.0
26273,6.0
4826,7.0
2101,7.0
3265,7.0
18816,6.0
13684,6.0
11681,8.0
28462,6.0
21399,6.0
16730,7.0
24880,7.0
21477,5.0
25825,7.0
20300,7.0
26391,7.0
11304,7.0
9948,5.0
10666,8.0
24211,6.0
4602,7.0
2854,7.0
20682,6.0
17401,7.0
28351,7.0
3114,6.0
3234,7.0
28574,6.0
22317,6.0
15476,6.0
11610,6.0
10098,7.0
8450,7.0
5506,6.0
8995,8.0
11298,6.0
19601,7.0
18765,5.0
29147,6.0
27277,6.0
13557,7.0
3800,9.0
23577,7.0
16453,5.0
15759,7.0
16987,8.0
1041,8.0
29096,8.0
29140,6.0
14173,7.0
14049,8.0
18610,6.0
22750,7.0
4258,7.0
27140,6.0
22450,7.0
4101,7.0
559,6.0
2605,7.0
10343,7.0
14761,5.0
18597,8.0
17880,6.0
2637,7.0
1588,7.0
4653,8.0
8064,7.0
22338,6.0
27044,7.0
20910,6.0
1809,7.0
152,6.0
21992,7.0
1035,8.0
14996,6.0
16645,7.0
25994,7.0
14831,7.0
22995,6.0
25784,6.0
18218,7.0
15358,7.0
12979,6.0
17927,7.0
15709,7.0
26188,6.0
1582,7.0
4646,6.0
1842,7.0
23705,7.0
24350,7.0
28594,6.0
15204,7.0
18836,7.0
10811,7.0
26288,6.0
15670,7.0
27999,6.0
5267,7.0
13213,7.0
22870,5.0
19787,7.0
3552,6.0
4580,6.0
24848,5.0
3850,6.0
24369,6.0
16821,6.0
20533,6.0
25184,7.0
28799,7.0
14222,7.0
5576,7.0
7234,6.0
24453,7.0
7742,7.0
26982,6.0
11704,7.0
20813,7.0
8217,7.0
22280,7.0
12049,7.0
20776,7.0
15109,7.0
5223,7.0
23334,6.0
868,7.0
8722,6.0
18268,7.0
270,7.0
1011,8.0
28962,6.0
9816,5.0
18900,7.0
8764,7.0
1700,7.0
5285,7.0
29212,7.0
1812,7.0
23066,7.0
13158,6.0
22588,6.0
23610,7.0
8944,7.0
6428,8.0
6531,8.0
26980,6.0
11223,6.0
22236,7.0
1837,7.0
17901,7.0
11576,6.0
9363,7.0
19935,7.0
17348,7.0
23223,7.0
12474,7.0
28947,7.0
26390,8.0
24115,6.0
11399,6.0
10474,7.0
6111,7.0
10983,6.0
3905,7.0
25419,6.0
10279,6.0
20299,5.0
1655,6.0
13222,6.0
8658,7.0
19619,6.0
15045,6.0
24617,6.0
17384,6.0
3421,7.0
24603,5.0
19529,7.0
23363,7.0
15514,7.0
11718,7.0
14470,7.0
9856,7.0
16048,5.0
10226,6.0
27988,7.0
19252,7.0
6708,6.0
8443,6.0
24198,6.0
24272,7.0
15455,7.0
26400,7.0
3227,5.0
10070,7.0
671,8.0
14592,6.0
17926,7.0
28729,7.0
3269,8.0
20178,7.0
20901,7.0
4406,6.0
24679,7.0
25652,6.0
7630,6.0
17485,6.0
11134,7.0
12059,7.0
12042,8.0
19902,6.0
24761,6.0
9512,8.0
17994,7.0
26103,7.0
18016,7.0
4181,6.0
25738,6.0
2075,7.0
22620,6.0
10191,6.0
13114,5.0
22666,6.0
24121,6.0
29121,7.0
26566,8.0
12738,6.0
10944,7.0
24191,7.0
25384,6.0
28101,7.0
28083,6.0
22483,7.0
16374,6.0
17013,6.0
593,7.0
7810,7.0
4929,7.0
23308,7.0
1343,8.0
18294,6.0
26898,7.0
16275,7.0
27910,6.0
10821,6.0
3139,7.0
18239,6.0
24864,7.0
15137,7.0
10785,7.0
14834,7.0
17355,6.0
20850,8.0
28103,6.0
22058,7.0
7447,7.0
26291,6.0
5487,6.0
18390,7.0
17160,8.0
22053,7.0
17489,8.0
28940,6.0
11018,5.0
4329,7.0
4976,7.0
27324,7.0
18226,8.0
16507,7.0
21276,7.0
14883,7.0
3532,8.0
7733,7.0
23935,7.0
12417,7.0
6183,7.0
10170,6.0
22212,8.0
19968,6.0
25521,6.0
6038,6.0
6020,6.0
16175,7.0
29001,6.0
19729,6.0
3541,6.0
25740,6.0
14324,7.0
12722,6.0
19266,7.0
11157,7.0
17426,7.0
25287,7.0
14577,7.0
1200,8.0
26250,7.0
15281,7.0
18531,7.0
284,6.0
20955,7.0
16090,7.0
4166,7.0
21343,6.0
18785,5.0
5451,7.0
24497,5.0
25283,6.0
4934,7.0
4438,7.0
3430,7.0
24751,6.0
5355,8.0
408,7.0
28785,6.0
17553,8.0
6082,7.0
24285,7.0
6352,6.0
14515,7.0
23085,7.0
5497,6.0
24372,7.0
5011,7.0
23209,7.0
3752,7.0
175,8.0
9598,7.0
14784,7.0
28979,7.0
24983,6.0
16725,7.0
14952,6.0
13292,8.0
2696,7.0
28038,7.0
25052,7.0
8851,4.0
23128,8.0
16600,6.0
23302,7.0
27982,6.0
1828,7.0
11241,6.0
14678,5.0
17302,7.0
1751,6.0
7880,8.0
26032,7.0
17310,8.0
10932,7.0
18448,6.0
24980,6.0
26587,6.0
8625,6.0
25485,5.0
28001,6.0
4549,7.0
9282,8.0
27016,7.0
18444,6.0
7051,7.0
5794,6.0
22713,6.0
8969,7.0
10701,8.0
9040,7.0
27786,6.0
19636,6.0
27068,7.0
28749,7.0
6196,7.0
7257,7.0
27228,7.0
24098,6.0
13540,6.0
19737,6.0
6495,7.0
20835,7.0
18774,6.0
28383,6.0
9480,7.0
5984,6.0
8610,7.0
23048,7.0
25965,6.0
18008,7.0
14279,8.0
26281,6.0
24341,7.0
6922,8.0
18290,6.0
24552,6.0
24559,7.0
21875,7.0
12013,7.0
2353,7.0
6923,7.0
22231,6.0
3318,8.0
1454,7.0
684,7.0
26686,6.0
18713,6.0
10606,8.0
12174,7.0
8994,5.0
16595,7.0
20115,6.0
10612,7.0
4170,6.0
9799,7.0
18440,6.0
8685,7.0
6895,8.0
4253,7.0
19602,7.0
24692,7.0
123,8.0
29082,7.0
27864,6.0
11497,7.0
16407,7.0
19178,6.0
22560,7.0
19540,7.0
3565,7.0
8191,6.0
26868,6.0
8485,8.0
2117,7.0
11259,7.0
17235,7.0
17001,7.0
9187,7.0
8239,8.0
12434,7.0
3679,7.0
869,7.0
19199,5.0
23469,6.0
20169,7.0
24212,6.0
17545,6.0
18599,6.0
9447,8.0
27517,7.0
14773,7.0
17591,8.0
23146,5.0
23009,7.0
27545,7.0
18734,6.0
6050,6.0
25752,6.0
27398,7.0
23850,8.0
13125,7.0
699,7.0
16305,7.0
28888,7.0
9166,9.0
316,6.0
12620,6.0
1213,7.0
7929,6.0
2273,6.0
17481,6.0
11795,5.0
19822,6.0
7219,6.0
3526,7.0
15280,8.0
28487,6.0
12078,6.0
12883,6.0
13200,7.0
21088,6.0
23960,6.0
7305,6.0
18884,6.0
10545,7.0
20162,6.0
18453,7.0
25826,6.0
18429,7.0
28927,6.0
18342,6.0
13968,7.0
12067,7.0
21317,7.0
21941,7.0
13919,6.0
18502,8.0
28444,6.0
2833,7.0
10314,6.0
4413,7.0
12603,7.0
13445,7.0
25103,7.0
20992,6.0
19091,7.0
6051,7.0
11962,6.0
25803,6.0
13907,7.0
28380,8.0
20995,6.0
10795,5.0
27468,6.0
21314,6.0
28376,7.0
26238,6.0
4627,8.0
19140,6.0
8820,6.0
1685,7.0
19314,6.0
20350,5.0
25396,7.0
26328,6.0
23836,5.0
6801,7.0
26535,7.0
23653,7.0
13714,5.0
13737,6.0
14879,7.0
21012,6.0
12519,8.0
8418,7.0
10750,6.0
10159,7.0
2616,6.0
6594,7.0
23962,7.0
10341,6.0
26130,6.0
6838,8.0
19103,5.0
18470,7.0
22934,7.0
2366,7.0
14489,8.0
2314,6.0
20123,7.0
7717,7.0
8680,7.0
25025,6.0
5522,6.0
14895,5.0
12699,7.0
26098,6.0
25097,7.0
29075,6.0
19785,7.0
24614,5.0
4278,7.0
15014,5.0
5257,7.0
12345,7.0
6899,7.0
14133,6.0
14953,6.0
12615,6.0
25956,7.0
22652,6.0
11611,6.0
13761,7.0
29046,6.0
6416,8.0
5718,7.0
5483,6.0
5812,7.0
12313,7.0
16536,6.0
786,6.0
10231,7.0
1077,7.0
22747,7.0
25133,7.0
25495,7.0
20317,7.0
4610,5.0
27915,6.0
25339,7.0
24543,6.0
16524,7.0
21619,7.0
17970,7.0
895,8.0
3747,7.0
29069,6.0
18784,6.0
1731,6.0
1920,7.0
15820,6.0
22235,6.0
24808,6.0
21057,5.0
12272,6.0
1303,6.0
12372,8.0
18112,8.0
17867,8.0
15207,8.0
22892,7.0
6276,6.0
25231,5.0
25221,6.0
1309,7.0
26108,7.0
16937,7.0
25656,6.0
759,7.0
23278,7.0
19436,7.0
1155,7.0
23002,7.0
18792,7.0
10391,7.0
16798,7.0
24324,7.0
8642,6.0
9689,7.0
174,5.0
2083,6.0
28241,6.0
19850,6.0
24780,8.0
25225,7.0
25513,6.0
16257,7.0
23401,7.0
22286,7.0
19638,6.0
138,7.0
28675,7.0
17618,7.0
19485,8.0
14968,6.0
3867,5.0
7220,8.0
1108,9.0
27380,6.0
4657,7.0
26550,6.0
22224,6.0
10550,7.0
15055,7.0
19441,5.0
9353,7.0
7422,7.0
12263,6.0
26732,6.0
14581,7.0
20063,7.0
25003,6.0
10600,8.0
21500,6.0
11207,7.0
18801,7.0
19883,7.0
5348,6.0
11753,7.0
11575,6.0
16390,6.0
20646,7.0
7807,8.0
28758,6.0
5222,8.0
263,6.0
12786,7.0
6147,7.0
2143,7.0
4841,6.0
7964,7.0
3953,6.0
7661,8.0
12230,8.0
10101,6.0
8069,8.0
27980,6.0
15209,7.0
12239,8.0
1134,7.0
12570,7.0
234,6.0
7450,7.0
18164,6.0
23970,7.0
26274,6.0
28042,7.0
28000,6.0
11427,5.0
29219,6.0
4997,7.0
1349,7.0
4428,6.0
14816,7.0
24134,6.0
5151,7.0
10769,6.0
1403,5.0
5946,6.0
15131,6.0
2219,7.0
15305,7.0
27141,7.0
13614,6.0
18802,6.0
107,6.0
20042,7.0
19885,6.0
12009,6.0
27218,6.0
26423,6.0
8461,7.0
8438,6.0
11654,6.0
19255,6.0
26923,6.0
1745,7.0
14599,7.0
23889,6.0
27097,7.0
3720,6.0
15049,7.0
3993,5.0
6019,7.0
1400,8.0
26407,7.0
7878,6.0
1994,7.0
28946,6.0
4366,8.0
25075,6.0
2127,7.0
12813,5.0
19303,7.0
26421,8.0
23000,6.0
16057,8.0
28413,6.0
18671,8.0
3869,6.0
19716,8.0
25168,7.0
15642,7.0
7746,7.0
19924,8.0
7801,7.0
8867,6.0
3131,6.0
3127,9.0
18247,8.0
24753,6.0
18970,7.0
5039,7.0
20509,6.0
12207,8.0
9145,6.0
1660,6.0
23933,6.0
22846,7.0
17182,6.0
20319,7.0
26579,6.0
28060,6.0
21324,6.0
16193,7.0
26069,6.0
20296,7.0
16865,6.0
2751,6.0
17032,6.0
24283,6.0
18396,7.0
1613,6.0
24521,6.0
4647,7.0
8957,7.0
27619,7.0
21804,7.0
10542,6.0
23417,7.0
10120,7.0
24261,6.0
17085,7.0
18237,6.0
18358,7.0
9889,7.0
22556,7.0
22301,6.0
25468,7.0
28039,7.0
6757,7.0
3568,7.0
23479,8.0
16469,7.0
8717,7.0
12472,7.0
7454,6.0
3513,8.0
4614,7.0
22723,7.0
28830,7.0
6680,6.0
19879,5.0
5452,7.0
25537,6.0
17460,6.0
2457,6.0
19960,8.0
18979,7.0
23887,7.0
10553,7.0
21122,6.0
23967,6.0
24904,7.0
29065,6.0
1818,6.0
26453,7.0
26906,7.0
25874,7.0
21135,6.0
24357,6.0
22815,6.0
2477,6.0
3986,6.0
21985,7.0
23243,6.0
5495,7.0
10492,7.0
3629,8.0
5802,8.0
2501,6.0
4238,7.0
4078,7.0
17754,8.0
16642,6.0
3753,7.0
17407,7.0
2181,9.0
14660,7.0
28210,6.0
25953,7.0
872,7.0
16779,8.0
27887,6.0
1254,6.0
10352,7.0
17268,6.0
19593,7.0
14291,7.0
4687,7.0
15470,6.0
3620,6.0
688,6.0
18546,7.0
15554,7.0
11707,7.0
19769,7.0
23947,6.0
5858,6.0
312,5.0
12091,7.0
15083,7.0
11752,6.0
26470,6.0
9382,7.0
17750,7.0
9330,8.0
20561,6.0
6092,7.0
6849,6.0
20617,7.0
16404,8.0
20664,6.0
1915,6.0
4171,7.0
8660,6.0
16638,7.0
5017,7.0
15030,7.0
9438,7.0
26750,6.0
27661,6.0
11469,7.0
18136,5.0
21058,6.0
2604,7.0
11242,5.0
2552,7.0
8542,7.0
9565,7.0
21491,6.0
1921,5.0
11866,6.0
2335,7.0
20577,7.0
20235,6.0
22532,6.0
28950,7.0
19096,7.0
16042,7.0
13259,6.0
23480,7.0
3885,5.0
245,7.0
22448,6.0
9537,8.0
18017,7.0
19577,6.0
17567,6.0
27961,7.0
7105,7.0
28265,7.0
21706,7.0
1490,7.0
23565,7.0
24538,7.0
11038,7.0
6197,7.0
20791,6.0
20186,7.0
20332,8.0
28931,7.0
9538,7.0
18252,6.0
22091,7.0
1997,6.0
13765,7.0
13334,8.0
9228,7.0
4669,7.0
28180,6.0
28263,7.0
21427,7.0
28352,5.0
2926,6.0
14558,8.0
27779,5.0
28209,6.0
6538,8.0
23727,7.0
29167,7.0
9198,7.0
23878,6.0
22100,7.0
11159,6.0
8871,5.0
20975,7.0
27630,6.0
9962,7.0
23023,6.0
14431,8.0
15889,7.0
25746,6.0
21680,6.0
4793,7.0
14870,4.0
28212,6.0
4385,6.0
26100,7.0
13197,7.0
17439,7.0
11413,6.0
12487,7.0
12704,8.0
12683,8.0
14255,6.0
27719,7.0
28643,6.0
16420,6.0
25841,7.0
11239,7.0
9904,6.0
18793,6.0
20520,6.0
29174,6.0
28728,6.0
15195,6.0
13004,7.0
27770,7.0
4936,7.0
24942,8.0
13462,7.0
11976,7.0
22725,6.0
26120,6.0
2344,6.0
22419,7.0
1432,7.0
3655,6.0
9199,6.0
20277,7.0
25960,6.0
9085,6.0
26569,7.0
16274,6.0
5799,7.0
26180,7.0
1125,5.0
11629,7.0
27384,7.0
61,7.0
27717,6.0
25991,6.0
11350,7.0
24339,7.0
15781,6.0
25995,6.0
4691,6.0
21846,7.0
6450,7.0
9864,8.0
12861,6.0
28102,6.0
4907,7.0
20437,7.0
21668,7.0
12154,6.0
7749,7.0
3745,7.0
11627,6.0
22411,7.0
9317,6.0
22204,7.0
26189,7.0
7274,8.0
27633,7.0
4289,7.0
24194,6.0
25684,8.0
5744,7.0
28422,6.0
19996,5.0
15239,7.0
10230,6.0
14507,7.0
737,6.0
24323,7.0
14704,7.0
26494,5.0
14329,6.0
643,7.0
17787,7.0
6710,7.0
2710,6.0
27120,7.0
6410,7.0
23049,6.0
5740,7.0
8123,6.0
5248,6.0
18205,6.0
17468,7.0
14532,7.0
16754,8.0
26196,7.0
10324,7.0
24841,7.0
25697,8.0
23981,6.0
2625,8.0
29163,6.0
10756,7.0
66,7.0
17704,7.0
24440,7.0
6686,6.0
16121,6.0
14321,6.0
10242,7.0
4740,6.0
26038,7.0
8162,7.0
26343,7.0
7372,7.0
25717,7.0
23757,6.0
24746,7.0
14107,6.0
20921,7.0
23942,7.0
9974,7.0
5454,6.0
81,7.0
21674,6.0
704,7.0
22885,7.0
23638,6.0
7133,5.0
19596,6.0
27158,6.0
6192,6.0
1296,8.0
28148,6.0
17737,8.0
23484,5.0
25900,6.0
28717,7.0
23397,6.0
8830,5.0
7160,7.0
24408,6.0
21133,6.0
14315,8.0
19195,5.0
15188,7.0
4176,5.0
4440,7.0
18296,6.0
4486,7.0
11154,7.0
3860,6.0
13513,6.0
9887,7.0
8338,8.0
18215,7.0
3783,7.0
3324,6.0
11639,7.0
27617,7.0
25882,6.0
22629,6.0
28386,6.0
2808,7.0
12491,7.0
9696,8.0
21326,8.0
102,7.0
23055,6.0
4986,6.0
27386,7.0
7252,7.0
27844,6.0
194,8.0
5373,6.0
13995,6.0
1596,6.0
16039,7.0
1416,8.0
19564,6.0
9170,6.0
12237,7.0
19077,7.0
10776,6.0
12123,8.0
17238,6.0
172,6.0
12967,7.0
5381,6.0
14446,6.0
3715,8.0
1502,7.0
28070,6.0
3955,7.0
17699,6.0
10629,6.0
685,7.0
12304,6.0
23381,7.0
19647,7.0
755,7.0
18954,6.0
12330,7.0
29097,6.0
7157,8.0
28747,6.0
3154,7.0
9493,7.0
16367,6.0
5617,8.0
19700,6.0
27071,6.0
19961,6.0
21559,7.0
1463,7.0
12706,6.0
873,7.0
18029,7.0
2364,6.0
4941,5.0
14510,6.0
26439,6.0
17227,6.0
17690,7.0
15662,7.0
27609,6.0
14993,6.0
20598,6.0
10272,6.0
2388,6.0
5091,7.0
22956,7.0
5169,7.0
11341,8.0
22320,7.0
18996,7.0
3716,8.0
17659,9.0
10624,7.0
21291,7.0
21857,6.0
10368,5.0
24003,7.0
12984,7.0
24238,6.0
12531,6.0
29031,7.0
22339,7.0
7812,6.0
14441,6.0
18333,8.0
28245,6.0
24110,6.0
17768,7.0
23928,6.0
1456,7.0
20819,6.0
24395,6.0
5453,5.0
3886,5.0
16145,7.0
22025,7.0
1075,7.0
15191,5.0
5001,7.0
18931,7.0
23071,8.0
19609,8.0
1848,6.0
18664,7.0
20654,7.0
25764,6.0
5707,8.0
8496,7.0
9849,8.0
18666,7.0
26296,6.0
16907,7.0
16136,6.0
26905,7.0
27834,6.0
9229,7.0
25165,7.0
2923,7.0
23234,6.0
18842,6.0
17474,8.0
1312,6.0
11930,8.0
10373,6.0
14900,7.0
20601,7.0
4829,7.0
21141,8.0
7057,6.0
5598,7.0
12568,6.0
16297,6.0
12593,7.0
19926,6.0
18549,7.0
7335,7.0
15108,7.0
1247,6.0
25791,5.0
19066,6.0
16051,7.0
13896,7.0
19429,6.0
18365,8.0
26960,6.0
5542,8.0
23311,6.0
26456,6.0
13189,6.0
17733,4.0
14725,7.0
3440,7.0
15658,6.0
17770,7.0
11354,7.0
27541,6.0
23382,8.0
22549,7.0
13905,7.0
24029,6.0
2039,5.0
13315,6.0
24591,7.0
4804,7.0
12811,5.0
2761,6.0
6913,7.0
24546,6.0
468,5.0
13783,6.0
22594,7.0
9660,7.0
22758,7.0
18217,7.0
16554,7.0
14336,7.0
27579,6.0
25731,7.0
21472,7.0
26784,7.0
5855,6.0
19751,7.0
3838,7.0
13584,6.0
3671,6.0
6973,8.0
8606,6.0
26659,7.0
25266,8.0
23387,6.0
17530,6.0
16823,7.0
47,6.0
18640,7.0
6514,8.0
600,6.0
8556,7.0
17422,7.0
11772,6.0
18974,6.0
9885,6.0
16095,8.0
14036,6.0
24623,7.0
2128,7.0
5417,6.0
24288,6.0
4104,7.0
5398,6.0
21791,7.0
20622,8.0
15733,6.0
14684,5.0
25085,6.0
7758,6.0
16902,7.0
10870,7.0
19895,6.0
12987,7.0
8024,6.0
12060,7.0
8370,8.0
23706,6.0
24828,7.0
1763,7.0
13886,6.0
29011,6.0
6,5.0
14030,6.0
16585,7.0
16056,7.0
27477,6.0
9249,6.0
1634,7.0
25087,6.0
28288,6.0
23848,5.0
17446,6.0
22736,8.0
22015,7.0
9947,6.0
23400,8.0
26168,6.0
19650,7.0
17643,7.0
28022,6.0
4947,7.0
9655,7.0
28230,7.0
18981,7.0
22714,6.0
1165,5.0
1501,7.0
17242,6.0
11747,7.0
18227,8.0
27500,6.0
13070,8.0
11731,7.0
9034,7.0
6823,7.0
7092,6.0
14947,7.0
14137,7.0
2706,7.0
13505,6.0
15158,7.0
5711,6.0
7180,6.0
884,6.0
5407,7.0
4386,6.0
27359,6.0
10270,7.0
17565,6.0
18398,7.0
28664,7.0
17179,8.0
11390,5.0
5979,7.0
25807,6.0
15003,7.0
1279,7.0
22458,8.0
5189,7.0
5566,7.0
6142,6.0
26471,7.0
22989,6.0
13759,6.0
28174,7.0
15674,7.0
24659,6.0
24684,8.0
21170,6.0
11964,7.0
5083,7.0
7185,9.0
6013,6.0
11817,8.0
10886,7.0
22273,6.0
26302,6.0
20046,5.0
23399,7.0
27503,7.0
16503,6.0
7052,7.0
28509,7.0
24127,8.0
27908,7.0
17473,8.0
19958,7.0
14028,4.0
6711,8.0
8566,5.0
12402,6.0
17074,6.0
16856,7.0
17719,8.0
21514,6.0
25372,7.0
10223,6.0
5025,5.0
3445,8.0
1736,8.0
28973,7.0
17708,7.0
23357,7.0
1669,8.0
16583,7.0
21480,7.0
18343,7.0
16885,7.0
24773,6.0
21259,6.0
9371,7.0
23226,6.0
26623,7.0
13814,8.0
